seq,label,type,cluster90,cluster80,cluster70
VSLTLALLLGGLTMGGIAAGV,1,vfp,49,34,26
GPTARIFASILAPGVAAAQAL,1,vfp,50,35,27
FVLGAIALGVATAAAVTAGVAI,1,vfp,45,31,23
FIPLLVGLGITGATLAGGTGL,1,vfp,51,36,28
FIPLLVGLGISGATLAGGTGL,1,vfp,51,36,28
FIPLLAGLGITAAFTTGATGL,1,vfp,52,37,28
SSLLGSIAGAGWTAGLSSFAAIPFA,1,vfp,27,19,14
MYKTPAIKDFGGFNFSQIL,1,vfp,92,68,52
SSLLGSIAGASWTAGLSSFAAIPFA,1,vfp,27,19,14
ILQSLLLGVFGTGIASASQFLRSWLNHPDIIGYIVNGVGVVW,1,vfp,1,1,1
ILQSLLLGVFGTGIASASQFLRGWLNHPDIIGYIVNGVGVVW,1,vfp,1,1,1
AVGLAIFLLVLAIMAITSSLV,1,vfp,53,38,29
VAALTLGLALSVGLTGINVAV,1,vfp,54,39,30
VAALTLGLALSVGLTGIKVAV,1,vfp,54,39,30
AAALTLGLALSVGLTGINVAV,1,vfp,54,39,30
FFGEIIGTIAIGIATSAQITAAVAL,1,vfp,28,20,15
FLGFLLGIGSAIASGVAVSKV,1,vfp,55,40,31
GCEEFGCLAVNTGCVFGSCQDV,1,vfp,46,32,24
WGCEEFGCLAVSDGCVFGSCQD,1,vfp,47,32,24
FAGVVLAGAALGVATAAQITAGIALHQSNLN,1,vfp,24,16,12
FAGVVLAGVALGVATAAQITAGIALHQSNLN,1,vfp,24,16,12
GVGLVIMLVIMAIVAAAGASL,1,vfp,56,41,32
VSLTLALLPEGLTMGGIAAGV,1,vfp,49,34,26
VYPFMWGGAYCFCDAENT,1,vfp,96,71,47
VYPFMWGGAYCFCDTENT,1,vfp,96,71,47
WRCNPTWCWGVGTGCTCCGLDVK,1,vfp,40,27,19
DRGWGNGCGLFGKG,1,vfp,103,76,59
VDRGWGNGCGLFGKGG,1,vfp,103,76,59
VDRGWGNGCGLFGKG,1,vfp,103,76,59
GAAIGLAWIPYFGPAA,1,vfp,104,77,60
GAAVGLAWIPYFGPAA,1,vfp,104,77,60
HNAAGIAWIPYFGPGA,1,vfp,105,78,61
GAAAGLAWIPYFGPAA,1,vfp,104,77,60
TETLTTMFEVSVAFFKVGHAV,1,vfp,57,42,33
FGISAIVAAIVAATAIAASAT,1,vfp,58,43,34
FGISAIVAAIVAATAIARSAT,1,vfp,58,43,34
VSLTVALLLGGLTMGSLAAGI,1,vfp,59,34,26
NLRRIQEAGLGLANAITTVAKIS,1,vfp,41,28,20
VMLALATVLSIAGAGTGATAI,1,vfp,60,44,35
IMLALATVLSMAGAGTGATAI,1,vfp,60,44,35
VMLALATVLSMAGAGTGATAI,1,vfp,60,44,35
IMLALATVLSIAGAGTGATAI,1,vfp,60,44,35
ISLTVALMLGGLTVGGIAAGV,1,vfp,61,45,26
GTEVSEALGGAGLTGGFY,1,vfp,97,72,54
VSLTLAVLLGLGITAGIGTGS,1,vfp,62,46,36
WGCNPSDCPGVGTGCTACGLYLD,1,vfp,42,29,21
LAGVVMAGIAIGIATAAQITAGVAL,1,vfp,29,21,12
MENITSGFLGPLLVLQAGFFLLTR,1,vfp,39,26,18
LVGSATLCSALYVGDLCGSVFLVGQLFTFSPR,1,vfp,5,5,5
LVGAAALCSAMYVGDLCGSVFLVSQLFTFSPR,1,vfp,6,5,5
LVGAAALCSAMYVGDLCGSVFLVAQLFTFSPR,1,vfp,6,5,5
VVMSATFCSALYVGDLCGGVMLAAQVFIVSPQ,1,vfp,7,6,6
LVGTAAFCSAMYVGDLCGSIFLVSQLFTFSPR,1,vfp,6,5,5
LVGSATLCSALYVGDLCGSVFLIGQLFTFSPR,1,vfp,5,5,5
LVGAAAFCSAMYVGDLCGSVFLVSQLFTFSPR,1,vfp,6,5,5
LVGAATMCSALYVGDMCGAVFLVGQAFTFRPR,1,vfp,8,7,5
VVMSATLCSALYVGDLCGGVMLAAQMFIVSPQ,1,vfp,7,6,6
LVGAAAFCSAMYIGDLCGSVFLVGQLFTFRPK,1,vfp,9,8,5
LAGGAAFCSALYVGDACGALSLVGQMFTYKPR,1,vfp,10,9,7
IVMAATACSALYVGDVCGAVMILSQAFMVSPQ,1,vfp,11,10,8
MVGAATVCSGLYIGDLCGGLFLVGQMFSFRPR,1,vfp,12,11,9
LAGAAVVCSSMYIGDLCGAVFLAGQLATFSPR,1,vfp,13,12,10
LAGAAVVCSSLYIGDLCGSLFLAGQLFAFQPR,1,vfp,14,12,10
LVGSAAACSALYIGDLCGGVFLVGQLFTFRPR,1,vfp,15,5,9
LAGGAALCSALYVGDACGAVFLVGQMFTYSPR,1,vfp,16,9,7
IVMSATLCSALYVGDVCGALMIAAQVVVVSPQ,1,vfp,17,13,6
LVGAATFCSAMYVGDLCGSVFLVSQLFTFSPR,1,vfp,6,5,5
IVMAATVCSALYVGDICGAVMIASQAFIISPE,1,vfp,18,10,8
IVVSATFCSALYIGDVCGAIMIAAQATIISPQ,1,vfp,19,14,11
LAGAAVVCSSLYIGDLCGSLFLAGQLFTFQPR,1,vfp,14,12,10
LVGAATLCSAMYVGDLCGSVFLVSQLFTFSPR,1,vfp,6,5,5
IVMAATVCSALYVGDVCGAVMIVSQALIVSPE,1,vfp,20,10,8
LVGSATLCSALYVGDLCGSIFLVGQLFTFSPR,1,vfp,5,5,5
MVGAAAFCSAMYVGDLCGGIFLVGQLFSFNPR,1,vfp,21,15,9
LVGAATLCSAMYVGDLCGSVFLVSQLITFSPR,1,vfp,6,5,5
LVGAGTMCSALYVGDMCGPVFLVGQAFTFRPR,1,vfp,8,7,5
IVGAAAFCSAMYVGDLCGSIFLVGQIFTFSPR,1,vfp,22,8,5
IVGAAAFCSAMYVGDLCGSIFLVGQLFTLSPR,1,vfp,22,8,5
VVVSATLCSALYVGDLCGGVMLAAQMFIVSPQ,1,vfp,7,6,6
MVGAAALCSAMYLGDLCGGVFLVGQLFTFRPR,1,vfp,23,15,9
KASSRSAIEDLLFDKV,1,vfp,106,79,62
IGGIALGGLTSAVSIPFSLAI,1,vfp,63,47,37
RRTVEMAFAYALALFAAARQ,1,vfp,90,66,50
PLFWRLTGLLATSGFAFVNAA,1,vfp,64,48,38
SLFWRLAGLLASSGFAFVNAA,1,vfp,65,48,38
GIPQMMFLYGIVHFSYSTK,1,vfp,93,69,53
KDTFHLMFLFGLTHFLYSTRG,1,vfp,66,49,39
PDIFLVLFQMLVAHFLVARG,1,vfp,91,67,51
AVGIGALFLGFLGAAGSTMGA,1,vfp,48,33,25
AVGIGAVFLGFLGAAGSTMGA,1,vfp,67,33,25
AVGLGALFLGFLGAAGSTMGA,1,vfp,48,33,25
AALGALFLGFLGAAGSTMGA,1,vfp,72,33,25
AIGLGAVFLGFLGAAGSTMGA,1,vfp,48,33,25
AVGTIGAMFLGFLGAAGSTMG,1,vfp,67,50,25
AVGIGAVFLGFLGTAGSTMGA,1,vfp,67,33,25
AVGAIGAMFLGFLGAAGSTMG,1,vfp,67,50,25
AIGLGAMFLGFLGAAGSTMGA,1,vfp,48,33,25
GVMVLGFLGFLAMAGSAMGAT,1,vfp,68,51,40
GAFVLGFLGFLTTAGVAMGTA,1,vfp,69,52,41
GVFVLGFLGFLTTAGAAMGAA,1,vfp,70,52,40
AVGMLGAMFLGFLGAAGSTMG,1,vfp,71,33,25
AVGMGAMFLGFLGAAGSTMGA,1,vfp,67,33,25
GVFVLGFLGFLATAGSAMGAA,1,vfp,70,51,40
GVMVLGFLGLLAMAGSAMGAT,1,vfp,68,51,40
AVGLGAVFFGFLGAAGSTMGA,1,vfp,67,33,25
AVGIVGAMFLGFLGAAGSTMG,1,vfp,67,33,25
AAIGALFLGFLGAAGSTMGAA,1,vfp,72,33,25
AAFGLGALFLGFLGAAGSTMGA,1,vfp,48,33,25
GVFVLGFLGFLATAGSAMGAR,1,vfp,73,51,40
GVFVLGFLGFLATAGSAMGGA,1,vfp,73,51,40
AVGLGMLFLGVLSAAGSTMGA,1,vfp,74,53,25
AVTLGAMFLGFLGAAGSTMGA,1,vfp,71,33,25
AVGVIGAMFLGFLGAAGSTMG,1,vfp,67,50,25
AVGMGAFFLGFLGAAGSTMGA,1,vfp,67,33,25
AIGMGAFFLGFLGAAGSTMGA,1,vfp,75,33,25
GVLVLGFLGFLATAGSAMGAA,1,vfp,73,51,40
GVFVLGVLGFLATAGSAMGAA,1,vfp,73,51,40
GVLVLGFLGFLTTAGAAMGAA,1,vfp,70,52,40
AVGMGASFLGFLGAAGSTMGA,1,vfp,67,33,25
AVGLGAVFLGFLGAAGSTMGA,1,vfp,48,33,25
FAGVVVGLAALGVATAAQITAAVAI,1,vfp,30,18,12
FFGGVIGTIALGVATSAQITAAVAL,1,vfp,31,20,15
FFGAVIGTIALGVATAAQITAGIAL,1,vfp,32,22,12
FLGFLLGVGSAIASGTAVSKV,1,vfp,55,40,31
FLGFLLGVGSAIASGIAVSKV,1,vfp,55,40,31
FLGFLLGVGSAIASGVAVSKV,1,vfp,55,40,31
KRSFIEDLLFNKV,1,vfp,1000,1000,62
MYKTPTLKYFGGFNFSQIL,1,vfp,94,68,52
NYAKLRSMGYALTGAVQTLSQIS,1,vfp,43,30,22
AVPVAVWLVSALAIGAGVAGG,1,vfp,76,54,42
AVPVAVWLVSALAMGAGVAGR,1,vfp,76,54,42
AVPVAVWLVSALAMGAGMAGG,1,vfp,76,54,42
AVPVAVWLVSALAMGAGVAGG,1,vfp,76,54,42
AVPIAVWLVSALAAGTGIAGG,1,vfp,77,54,42
AVPIAIWLVSALAAGTGIAGG,1,vfp,77,55,42
CCGFTLGVGGAWFQAY,1,vfp,107,80,1000
GLFGAIAGFIEGGWTGMIDGWYGYH,1,vfp,33,23,4
GLFGAIAGFIEGGWQGMVDGWYGYH,1,vfp,33,4,4
GLFGAIAGFIENGWEGMIDGWYGFR,1,vfp,4,4,4
GLFGAIAGFIENGWQGLIDGWYGFR,1,vfp,34,4,4
GLFGAIAGFIENGWEGLVDGWYGFR,1,vfp,4,4,4
GLFGAIAGFIEGGWSGMIDGWYGFH,1,vfp,33,4,4
GLFGAIAGFIEGGWPGLVAGWYGFQ,1,vfp,35,24,4
GLFGAIAGFIENGWEGMVDGWYGFR,1,vfp,4,4,4
GLFGAIAGFIEGGWPGLINGWYGFQ,1,vfp,35,23,4
GLFGAIAGFIENGWEGCGG,1,vfp,95,70,4
GLFGAIAGFIENGWEGLIDGWYGFR,1,vfp,34,4,4
GIFGAIAGFIENGWEGMVDGWYGFRHQNSEGTGQAADL,1,vfp,4,4,4
DRGWGNGCGLFGKGSI,1,vfp,108,76,59
AVGMVIFLLVLAIMAMTASVT,1,vfp,78,56,29
AFFSWSLTDSSGKDTPGGYCLEEWMLVAAKMKCFGNTAV,1,vfp,2,2,2
VSLTLAVLLGLGVAAGIGTGS,1,vfp,62,46,36
GLSWIPFFGPGIEGLYTAGLI,1,vfp,79,57,43
GLSWIPFFGPGIEGLYTAVLI,1,vfp,79,57,43
DRGWGNHCGLFGKG,1,vfp,103,76,59
GTFTWTLSDSEGKDTPGGYCLTRWMLIEAELKCFGNTAV,1,vfp,3,3,3
GTFTWTLSDSEGNETPGGYCLTRWMLIEAELKCFGNTAV,1,vfp,3,3,3
AFFSWSLTDSSGKDMPGGYCLEEWMLIAAKMKCFGNTAV,1,vfp,2,2,2
GIGLVIVLAIMAIIAAAGAGL,1,vfp,80,58,44
LIPLFVGLGITTAVSTGAAGL,1,vfp,81,59,45
VYPFMWGGAYCFCDSENT,1,vfp,96,71,47
FAGVVLAGAALGVATAAQITAGIAL,1,vfp,24,16,12
RSARSAIEDLLFDKV,1,vfp,110,79,56
VYPFLWGGAYCFCDSENT,1,vfp,98,71,55
VSLTLALLLGGLTMGGIAAGI,1,vfp,49,34,26
FVAAIILGISALIAIITSFAV,1,vfp,82,60,46
FAGIAIGIAALGVATAAQVTAAVSL,1,vfp,36,18,16
SAIEDLLFDKVKLSDVGF,1,vfp,99,73,56
LIGAIIGGVALGVATAAQITAAAAL,1,vfp,37,25,17
FIGAIIGGVALGVATAAQITAAAAL,1,vfp,37,25,17
FIGAIIGSVALGVATAAQITAASAL,1,vfp,38,25,17
LIGAIIGGAALGVATAAQITAASAL,1,vfp,37,25,17
LIGAIIGGVALGVATPAQITAAAAL,1,vfp,37,25,17
LIGAIIGGVALGVATAAQITAASAL,1,vfp,37,25,17
FIGAIIGSVALGVATPAQITAASAL,1,vfp,38,25,17
LAGVIMAGVAIGIATAAQITAGVAL,1,vfp,29,21,12
FAGVVIAGAALGVATAAQITAGVAL,1,vfp,24,16,12
NPYPDYHWLRTVKTTKESLVIISPSVADLDPYDRSLHSRVFPGGNCS,1,vfp,0,0,0
WGCGCFNVNPSCLFVHT,1,vfp,102,75,58
FAGVALAGAALGVATAAQITAGIAL,1,vfp,24,16,12
VYPLLWGAAHCFCSTENT,1,vfp,100,74,57
YQCKVYTGVYPFMWGGAYCFC,1,vfp,83,61,47
FFGAVIGTIALGVATSAQITAGIAL,1,vfp,32,22,12
NIEKLRSMGYSLTGAVQTLSQIS,1,vfp,44,30,22
NYERLRSMGYALTGAVQTLSQIS,1,vfp,43,30,22
NYAKLKSMGYALTGAVQTLSQIS,1,vfp,43,30,22
RDVGIGLLFLGFLSAAGSTMG,1,vfp,84,62,25
GAVILGILGLLSLAGSAMGSV,1,vfp,85,63,48
GVFVLGFLGFLATAGSAIGAV,1,vfp,73,51,40
AAVGLGALFLGFLGAAGSTMGA,1,vfp,48,33,25
GVFVLGFLGFLATAGSAMSAA,1,vfp,73,51,40
VPFVLGFLGFLGAAGTAMGAA,1,vfp,86,64,25
FIPLVIGLGITTAVSTGTAGL,1,vfp,87,59,45
FIPLLVGLGITTAVSTGTAGL,1,vfp,87,59,45
FIPLLVGLGITTAVSTGTTGL,1,vfp,88,59,45
FAGVVVGLAALGVATAAQVTAAVAV,1,vfp,26,18,16
FAGVVIGLAALGVATAAQVT,1,vfp,26,18,16
FAGVVIGLAALGVATAAQVTAAVALV,1,vfp,26,18,12
FAGVVIGLAALGVATAAQVTAAVAL,1,vfp,26,18,16
GVYPFMWGGAQCFCDSEN,1,vfp,101,71,55
LIPLLVGLGVSTAVATGTAGL,1,vfp,89,65,49
DRGWGNHCGFFGKGSI,1,vfp,109,81,59
DRGWGNHCGFFGKG,1,vfp,109,81,59
FVLGAIALGVATAAAVTAGVAL,1,vfp,45,31,23
NEESYYHIAARIATSIFALSEMGRTTEYF,1,vfp,25,17,13
VYPFMWGGAQCFCDSENT,1,vfp,101,71,55
DRGWGNGCGLFGKGSL,1,vfp,108,76,59
TYQIAVLALGLVLLLAFVLIS,0,tmd,1001,1001,1001
LFVLALGSFVMTCVVGGAVWL,0,tmd,1002,1002,1002
IIIKYWYIDLTITIFAFLILY,0,tmd,1003,1003,1003
SLLLVLLILLTLAGILFIIFV,0,tmd,1004,1004,1004
SDHITIAAKFIGILHLILWIL,0,tmd,1005,1005,1005
IVLFEVFVVFILIYVFFRSEL,0,tmd,1006,1006,1006
FMIHLFILAMFVMIYKFFPGG,0,tmd,1007,1007,1007
GTFGGILAGLIGLLVSFFLLI,0,tmd,1008,1008,1008
GSIMWLASLAVVIACAGAMKL,0,tmd,1009,1009,1009
SHLVVILALLLLALWCLS,0,tmd,1010,1010,1010
VAIVSICFLLALYFCYVLL,0,tmd,1011,1011,1011
AYIFPTILAIIFAVFALVAIHIT,0,tmd,1012,1012,1012
CLPVIVAPYLFWLAAIAASCF,0,tmd,1013,1013,1013
VLITNYLKITIFGAILGITAYYI,0,tmd,1014,1014,1014
VAVICAILALIFLVATIGLSV,0,tmd,1015,1015,1015
FWEVICIYYFALQGSFLGILV,0,tmd,1016,1016,1016
SALLVLLTACLALGFKVVTGP,0,tmd,1017,1017,1017
LFYIIIFIVSGLIIGIFISII,0,tmd,1018,1018,1018
LLIGSLAVGGVVAILFIGTCC,0,tmd,1019,1019,1019
FFFIIGLIIGLFLVLRVGIYL,0,tmd,1020,1020,1020
EFFIYIFLFIDKTNVESITMW,0,tmd,1021,1021,1021
WGFWMLIGATIVAFVVLVCLL,0,tmd,1022,1022,1022
ALVLAAGLVLGAAIWWVVGAG,0,tmd,1023,1023,1023
ILAVGLCSCCAIYAATR,0,tmd,1024,1024,1024
SWYQIFIAFSLTYTPIAIYSL,0,tmd,1025,1025,1025
FVLVSIICSCISSLFLLICLL,0,tmd,1026,1026,1026
AIVALVVAGIIAIVVWSIVFI,0,tmd,1027,1027,1027
IATFGIGDTVTTIIGLSMAGI,0,tmd,1028,1028,1028
LLLAFGCVLAVSVIVNCFLVS,0,tmd,1029,1029,1029
IDWMTPLLITVMLGMCLTA,0,tmd,1030,1030,1030
YWPGVVAIGLVSLFIFLSVSN,0,tmd,1031,1031,1031
VPAICVSLICLLLLPLTILLV,0,tmd,1032,1032,1032
EIVIFTFVSVLALYLLWLWVL,0,tmd,1033,1033,1033
ITYILWTIILVLLSIIFIIVL,0,tmd,1034,1034,1034
VLFSAISACLSFIIDVGGCCF,0,tmd,1035,1035,1035
LTTIFSVVIVLAIFLYFGLLI,0,tmd,1036,1036,1036
TKVLLVAAIGLSIVASILTYS,0,tmd,1037,1037,1037
AVIIVASLAICYIVLSVLW,0,tmd,1038,1038,1038
QIALILSLIILIFFIYKFAMF,0,tmd,1039,1039,1039
IWIINLKVIIKIIISEIIVLI,0,tmd,1040,1040,1040
LIFRIAILLLTVVTLATSVASLV,0,tmd,1041,1041,1041
MIVYVLVGLSAFCIVLYLISQ,0,tmd,1042,1042,1042
VIISFSMGLVLGNVIPGESCF,0,tmd,1043,1043,1043
MIGILLLIGICVAVTVAILYA,0,tmd,1044,1044,1044
VTLWATVFLTLGALVAGAKVW,0,tmd,1045,1045,1045
FAIIAIVFVFILTAILFLM,0,tmd,1046,1046,1046
LGIVYGSTLIILLLPLIGSFM,0,tmd,1047,1047,1047
IWLLPIAGTIFALVALVIVNI,0,tmd,1048,1048,1048
LNMGLALLLATIMVMILWAGM,0,tmd,1049,1049,1049
YSKIYLALGCGLGLGFVVYAS,0,tmd,1050,1050,1050
PNMFLTILAVVVIIALIIIFV,0,tmd,1051,1051,1051
ALDLALLVLPALLIVIVVLIG,0,tmd,1052,1052,1052
LSYVLLVANMWSFAVCANAFI,0,tmd,1053,1053,1053
VQFYMIVIGVIILAALFMYYA,0,tmd,1054,1054,1054
FVLSITIVLVILIIIAFIWYN,0,tmd,1055,1055,1055
VFTVGFITGGVTPVMVSFVWPAA,0,tmd,1056,1056,1056
LGFLIHTATVYGAEEAFLLPF,0,tmd,1057,1057,1057
GIYMCYFLTVYLLLYPSPVII,0,tmd,1058,1058,1058
FLIGVAALTLFALTIFVVVCC,0,tmd,1059,1059,1059
LLLVLAAVILILFFGSACIKL,0,tmd,1060,1060,1060
GFWIILIILLGILAIRIAIKV,0,tmd,1061,1061,1061
LNDNAWLFVIAALILCLYFII,0,tmd,1062,1062,1062
CRCLCFTMGMFAMGVLMTTTLLV,0,tmd,1063,1063,1063
VLFATLLVGSALVFPVGGLVW,0,tmd,1064,1064,1064
VLVSVVAVACGLGAVGLLLVA,0,tmd,1065,1065,1065
MALFPLLLLGLLALSGGVTLV,0,tmd,1066,1066,1066
LVFMMLTIGFFFIVTSLVAAI,0,tmd,1067,1067,1067
FQILSICSFILSALHFMAWTIGH,0,tmd,1068,1068,1068
ACFHFFLCGFICYLVHSALAA,0,tmd,1069,1069,1069
GGMAHIISEAVIAGSIGLYF,0,tmd,1070,1070,1070
VMNIVLIALSILAIL,0,tmd,1071,1071,1071
NGPGLVMIITLMTVVSMVSS,0,tmd,1072,1072,1072
WSPWLTTALAVILVVVVAGIG,0,tmd,1073,1073,1073
GYFWQAAISDIAIILAVVSVV,0,tmd,1074,1074,1074
IYSYTLLTLLVITLICYLIHI,0,tmd,1075,1075,1075
LCLFLCYSYPAFGIAPLLGVF,0,tmd,1076,1076,1076
IFGITALIILSAVAIFCITYYIYN,0,tmd,1077,1077,1077
LFYGYDLLGLITYPILLLINY,0,tmd,1078,1078,1078
IFLIYHFSPIYCPYLFLFTVF,0,tmd,1079,1079,1079
GDSGFVSIGRSNHPKLS,0,tmd,1080,1080,1080
IYIHYAICKFIFLLEIYKLIA,0,tmd,1081,1081,1081
LGAVMGAALLLSVLGLSVWAC,0,tmd,1082,1082,1082
FILLIVGFIYGAGGVLLYSVY,0,tmd,1083,1083,1083
YSKSVFPIAVGIAVAVVLFTL,0,tmd,1084,1084,1084
VPVGVGIGIAAAAIACVAAAAAGAYFVYT,0,tmd,1085,1085,1085
IFYMIIFIVTGITVSILISII,0,tmd,1086,1086,1086
IWVLSIICACLTYVNVTVHLV,0,tmd,1087,1087,1087
LTILIASIYIIFFVNAAPTLY,0,tmd,1088,1088,1088
YLTFLLLILLYRIITLYVWVV,0,tmd,1089,1089,1089
VWLAIAFATIIFILILGWVFF,0,tmd,1090,1090,1090
SLLVNMSLCLIVGGMGGYLLI,0,tmd,1091,1091,1091
MSPAIILIGVLILIVLFVIKF,0,tmd,1092,1092,1092
VFLALKVLGIMVLFYLLDAII,0,tmd,1093,1093,1093
AYVWASVGGALVAGTTIYAIA,0,tmd,1094,1094,1094
YTILIAIVVLVIIIIVLIYLF,0,tmd,1095,1095,1095
SIILNLMFMGAVAVSVGILGI,0,tmd,1096,1096,1096
QILLWALIIFIPFLAILWLIF,0,tmd,1097,1097,1097
VYKVLAIGFLLCASIYCL,0,tmd,1098,1098,1098
LALAILFNAVWFIAAKMIM,0,tmd,1099,1099,1099
LKIFLICTIALIVIVLVAKII,0,tmd,1100,1100,1100
IFSFVFDIFLFIFDVIWNTKL,0,tmd,1101,1101,1101
AAAVTFYICLLAVLVVALGYA,0,tmd,1102,1102,1102
YIIYAIVAAILLLLFWLLYKK,0,tmd,1103,1103,1103
IQEAFRAFARTARETIAGAWR,0,subseq,1104,1104,1104
DLKNYINNRLLPIVNQQSCRI,0,subseq,1105,1105,1105
LQQLQEWEDWVGWLGNIPRYL,0,subseq,1106,1106,1106
LRMVIYVVQMLSRLRKGYRPV,0,subseq,1107,1107,1107
LFDIFAGGHWGIIGALLYYST,0,subseq,1108,1108,1108
CLVLLWEVGAASLSEVKLHLD,0,subseq,1109,1109,1109
LMSSNVQIVRQQSYSIMSVVK,0,subseq,1110,1110,1110
LKENIKYEVAIFVHGPTTVES,0,subseq,1111,1111,1111
GAKQENWNADIKTLKFDALSG,0,subseq,1112,1112,1112
RAAARATGETLASAGETLWEA,0,subseq,1113,1113,1113
TLGLRGWEILKYLVNLVWYWG,0,subseq,1114,1114,1114
DDLKEVEKSITNLEKSLTSLS,0,subseq,1115,1115,1115
VFFILCCTGCGTSCLGKLKCN,0,subseq,1116,1116,1116
RIPQAIMDMIAGAHWGVLAGI,0,subseq,1117,1117,1117
MQGLAFLAALACWRCISLTCG,0,subseq,1118,1118,1118
NQTTEAFVNGEHAVNVGGSKF,0,subseq,1119,1119,1119
LAYAARVPELVLEIIFGGHWG,0,subseq,1120,1120,1120
LSMIILYVLSIAALCIGLITF,0,subseq,1121,1121,1121
GICASYHTVSLLRSTSQKSIV,0,subseq,1122,1122,1122
IMLVLLYLIIIIIVLFGIYHV,0,subseq,1123,1123,1123
LYENQKLIANQFNSAIGKIQE,0,subseq,1124,1124,1124
PTVDIELVTTTVSNMAEVRSY,0,subseq,1125,1125,1125
LKIAQYAAQNRRGLDLLFWEQ,0,subseq,1126,1126,1126
TYEGHEAGKCGIHSLTPGVPL,0,subseq,1127,1127,1127
VIWQWMEENGWNGENQHKKKK,0,subseq,1128,1128,1128
GEVTLDCEPRSGLNTEAFYVM,0,subseq,1129,1129,1129
GPPISLERLDVGTNLGSAIAK,0,subseq,1130,1130,1130
IIHDFIDNPLPNQDNDDNWWT,0,subseq,1131,1131,1131
HDSNVKNLFDEVKRRLSANAI,0,subseq,1132,1132,1132
GNNEGYRSWPWQIEYIHFPIR,0,subseq,1133,1133,1133
DTSGRLVHGFLAIIWVDLRSL,0,subseq,1134,1134,1134
WGKELRDSAISLLNTTAIVVA,0,subseq,1135,1135,1135
KAYVTKSEDCVTDHAQAYKAH,0,subseq,1136,1136,1136
SVSVTCVWGSVSWFASTGGRD,0,subseq,1137,1137,1137
YFPNINENTAYSGENENDCDA,0,subseq,1138,1138,1138
FDKDLNLALTALHHAFRGTSS,0,subseq,1139,1139,1139
IILWISFSMSCFVFVALILGF,0,subseq,1140,1140,1140
IALEPLRPENCAVGSIPISID,0,subseq,1141,1141,1141
ENNSIVPDWNNMTWQEWEQQT,0,subseq,1142,1142,1142
RRGWEALKLLGNLLLYWGQEL,0,subseq,1143,1143,1143
SIKEQIERAKAELLRLDIHEG,0,subseq,1144,1144,1144
APKAGYFVQDDGEWKFTGSSY,0,subseq,1145,1145,1145
QDYATPMTNNMRECLTGSTEK,0,subseq,1146,1146,1146
EGMVGWNNAERLVEFGVPHAV,0,subseq,1147,1147,1147
PCLLQFVSSSIRKMINSSINY,0,subseq,1148,1148,1148
GHWGVLLAAAYFASTANWAKV,0,subseq,1149,1149,1149
LPIVNQQSCRISNIETVIEFQ,0,subseq,1150,1150,1150
LGCNQNQFFCKVPSALWERYN,0,subseq,1151,1151,1151
LEQDQQRLITAINQTHYNLLN,0,subseq,1152,1152,1152
KKSKCWEIEYPDVRPLQESDG,0,subseq,1153,1153,1153
AEGTDRVIEIVRRACRAVLHI,0,subseq,1154,1154,1154
KGVSCSIGSNRVGIIKQLNKG,0,subseq,1155,1155,1155
MLSKEYAERQSKTPITLVDIC,0,subseq,1156,1156,1156
LCNICWKPLPTTITVPVEPTA,0,subseq,1157,1157,1157
LEWDKEVSNYTQVIYNLIEES,0,subseq,1158,1158,1158
HAAIQADLKEVESSITNLEKS,0,subseq,1159,1159,1159
VNGDHAVTIAGTKFIFGPVST,0,subseq,1160,1160,1160
TDRFIELIQRIWRAFCNIPRR,0,subseq,1161,1161,1161
PTTTMLLAYLVRIPEVVLDII,0,subseq,1162,1162,1162
CKIAVNPLRAVDCSYGNIPIS,0,subseq,1163,1163,1163
AWRGFWGTLGQIGRGILAVPR,0,subseq,1164,1164,1164
PNASVVYETENLIMHLPGCVP,0,subseq,1165,1165,1165
HLRGILQYWGQELKTSAISLL,0,subseq,1166,1166,1166
GNITTQLEEARAQEEKNLDAY,0,subseq,1167,1167,1167
DQFNIALDQVFESVEKSKNLI,0,subseq,1168,1168,1168
LYSNIKTTSTQTLEYGLNGDF,0,subseq,1169,1169,1169
VVYETDSLIIHLPGCVPCVRE,0,subseq,1170,1170,1170
SNASIVYEAADLIMHTPGCVP,0,subseq,1171,1171,1171
LADSEMNKLYERVRKQLRENA,0,subseq,1172,1172,1172
CVPPKDHVVPFPANHNNVVFP,0,subseq,1173,1173,1173
QIPNHHQEEAGTPGRTGGGGG,0,subseq,1174,1174,1174
YAASHSNVVFPDMSGTALSWV,0,subseq,1175,1175,1175
MGPGLWVVMGVLVGVAGGHDT,0,subseq,1176,1176,1176
IPHVWMPPQTTPHDWKGSHTT,0,subseq,1177,1177,1177
EGWFNRSPWLTTLLSALAGPL,0,subseq,1178,1178,1178
EGTDRIIEAFQVTLRIIRNIP,0,subseq,1179,1179,1179
AWGWLWEAARRIGRGILAVPR,0,subseq,1180,1180,1180
SCRAHDALIGSILNLYLTELT,0,subseq,1181,1181,1181
GPCVIRQLQALPSRLQHRSQP,0,subseq,1182,1182,1182
IYEADNIIMHTPGCVPCVKTG,0,subseq,1183,1183,1183
MTWLEWEKQIEGLEGNITKQL,0,subseq,1184,1184,1184
IVKINIPTIVTQSNALVIDFY,0,subseq,1185,1185,1185
NELVPAMGQLSCDIVGQKLGL,0,subseq,1186,1186,1186
ICCIRTAKAATYQEAAVYLWN,0,subseq,1187,1187,1187
NEETEDEGGNEGAYRSWPWQI,0,subseq,1188,1188,1188
EESRLERQKIEGVKLESEGTY,0,subseq,1189,1189,1189
DKWASLWTWSDITKWLWYIKI,0,subseq,1190,1190,1190
DSWIQEELGVSDNIMKVIRKT,0,subseq,1191,1191,1191
VRRTYRAVLNVPTRIRQGLER,0,subseq,1192,1192,1192
QSSTTIIIVLIMIIILFIINV,0,subseq,1193,1193,1193
YGCEWIQEAFQAAARAARETL,0,subseq,1194,1194,1194
YSSFACMLHYQLGSFSSLYIL,0,subseq,1195,1195,1195
NKTAQELDCIKIAQQVGVELN,0,subseq,1196,1196,1196
YAEESKLKRQEIDGIKLKSED,0,subseq,1197,1197,1197
YANKSGIVRDKIRKLQEDLLA,0,subseq,1198,1198,1198
RAVAHGSPDVNVAMLITPNPT,0,subseq,1199,1199,1199
YLEDQARLNSWGCAWKQVCHT,0,subseq,1200,1200,1200
LTQINTTLLDLTYEMLSLQQV,0,subseq,1201,1201,1201
AAQAWWKFVRETLASAWRDLW,0,subseq,1202,1202,1202
SATRDVWPAAASFIQGVGNFL,0,subseq,1203,1203,1203
YTEVRASRQLAQQKVNECVKS,0,subseq,1204,1204,1204
GDISARDLICAQKFNGLTVLP,0,subseq,1205,1205,1205
ASIHPAFKMQICTSVVTCKGD,0,subseq,1206,1206,1206
