seq,label,type
VSLTLALLLGGLTMGGIAAGV,1,vfp
GPTARIFASILAPGVAAAQAL,1,vfp
FVLGAIALGVATAAAVTAGVAI,1,vfp
FIPLLVGLGITGATLAGGTGL,1,vfp
FIPLLVGLGISGATLAGGTGL,1,vfp
FIPLLAGLGITAAFTTGATGL,1,vfp
SSLLGSIAGAGWTAGLSSFAAIPFA,1,vfp
MYKTPAIKDFGGFNFSQIL,1,vfp
SSLLGSIAGASWTAGLSSFAAIPFA,1,vfp
ILQSLLLGVFGTGIASASQFLRSWLNHPDIIGYIVNGVGVVW,1,vfp
ILQSLLLGVFGTGIASASQFLRGWLNHPDIIGYIVNGVGVVW,1,vfp
AVGLAIFLLVLAIMAITSSLV,1,vfp
VAALTLGLALSVGLTGINVAV,1,vfp
VAALTLGLALSVGLTGIKVAV,1,vfp
AAALTLGLALSVGLTGINVAV,1,vfp
FFGEIIGTIAIGIATSAQITAAVAL,1,vfp
FLGFLLGIGSAIASGVAVSKV,1,vfp
GCEEFGCLAVNTGCVFGSCQDV,1,vfp
WGCEEFGCLAVSDGCVFGSCQD,1,vfp
FAGVVLAGAALGVATAAQITAGIALHQSNLN,1,vfp
FAGVVLAGVALGVATAAQITAGIALHQSNLN,1,vfp
GVGLVIMLVIMAIVAAAGASL,1,vfp
VSLTLALLPEGLTMGGIAAGV,1,vfp
VYPFMWGGAYCFCDAENT,1,vfp
VYPFMWGGAYCFCDTENT,1,vfp
WRCNPTWCWGVGTGCTCCGLDVK,1,vfp
DRGWGNGCGLFGKG,1,vfp
VDRGWGNGCGLFGKGG,1,vfp
VDRGWGNGCGLFGKG,1,vfp
GAAIGLAWIPYFGPAA,1,vfp
GAAVGLAWIPYFGPAA,1,vfp
HNAAGIAWIPYFGPGA,1,vfp
GAAAGLAWIPYFGPAA,1,vfp
TETLTTMFEVSVAFFKVGHAV,1,vfp
FGISAIVAAIVAATAIAASAT,1,vfp
FGISAIVAAIVAATAIARSAT,1,vfp
VSLTVALLLGGLTMGSLAAGI,1,vfp
NLRRIQEAGLGLANAITTVAKIS,1,vfp
VMLALATVLSIAGAGTGATAI,1,vfp
IMLALATVLSMAGAGTGATAI,1,vfp
VMLALATVLSMAGAGTGATAI,1,vfp
IMLALATVLSIAGAGTGATAI,1,vfp
ISLTVALMLGGLTVGGIAAGV,1,vfp
GTEVSEALGGAGLTGGFY,1,vfp
VSLTLAVLLGLGITAGIGTGS,1,vfp
WGCNPSDCPGVGTGCTACGLYLD,1,vfp
LAGVVMAGIAIGIATAAQITAGVAL,1,vfp
MENITSGFLGPLLVLQAGFFLLTR,1,vfp
LVGSATLCSALYVGDLCGSVFLVGQLFTFSPR,1,vfp
LVGAAALCSAMYVGDLCGSVFLVSQLFTFSPR,1,vfp
LVGAAALCSAMYVGDLCGSVFLVAQLFTFSPR,1,vfp
VVMSATFCSALYVGDLCGGVMLAAQVFIVSPQ,1,vfp
LVGTAAFCSAMYVGDLCGSIFLVSQLFTFSPR,1,vfp
LVGSATLCSALYVGDLCGSVFLIGQLFTFSPR,1,vfp
LVGAAAFCSAMYVGDLCGSVFLVSQLFTFSPR,1,vfp
LVGAATMCSALYVGDMCGAVFLVGQAFTFRPR,1,vfp
VVMSATLCSALYVGDLCGGVMLAAQMFIVSPQ,1,vfp
LVGAAAFCSAMYIGDLCGSVFLVGQLFTFRPK,1,vfp
LAGGAAFCSALYVGDACGALSLVGQMFTYKPR,1,vfp
IVMAATACSALYVGDVCGAVMILSQAFMVSPQ,1,vfp
MVGAATVCSGLYIGDLCGGLFLVGQMFSFRPR,1,vfp
LAGAAVVCSSMYIGDLCGAVFLAGQLATFSPR,1,vfp
LAGAAVVCSSLYIGDLCGSLFLAGQLFAFQPR,1,vfp
LVGSAAACSALYIGDLCGGVFLVGQLFTFRPR,1,vfp
LAGGAALCSALYVGDACGAVFLVGQMFTYSPR,1,vfp
IVMSATLCSALYVGDVCGALMIAAQVVVVSPQ,1,vfp
LVGAATFCSAMYVGDLCGSVFLVSQLFTFSPR,1,vfp
IVMAATVCSALYVGDICGAVMIASQAFIISPE,1,vfp
IVVSATFCSALYIGDVCGAIMIAAQATIISPQ,1,vfp
LAGAAVVCSSLYIGDLCGSLFLAGQLFTFQPR,1,vfp
LVGAATLCSAMYVGDLCGSVFLVSQLFTFSPR,1,vfp
IVMAATVCSALYVGDVCGAVMIVSQALIVSPE,1,vfp
LVGSATLCSALYVGDLCGSIFLVGQLFTFSPR,1,vfp
MVGAAAFCSAMYVGDLCGGIFLVGQLFSFNPR,1,vfp
LVGAATLCSAMYVGDLCGSVFLVSQLITFSPR,1,vfp
LVGAGTMCSALYVGDMCGPVFLVGQAFTFRPR,1,vfp
IVGAAAFCSAMYVGDLCGSIFLVGQIFTFSPR,1,vfp
IVGAAAFCSAMYVGDLCGSIFLVGQLFTLSPR,1,vfp
VVVSATLCSALYVGDLCGGVMLAAQMFIVSPQ,1,vfp
MVGAAALCSAMYLGDLCGGVFLVGQLFTFRPR,1,vfp
KASSRSAIEDLLFDKV,1,vfp
IGGIALGGLTSAVSIPFSLAI,1,vfp
RRTVEMAFAYALALFAAARQ,1,vfp
PLFWRLTGLLATSGFAFVNAA,1,vfp
SLFWRLAGLLASSGFAFVNAA,1,vfp
GIPQMMFLYGIVHFSYSTK,1,vfp
KDTFHLMFLFGLTHFLYSTRG,1,vfp
PDIFLVLFQMLVAHFLVARG,1,vfp
AVGIGALFLGFLGAAGSTMGA,1,vfp
AVGIGAVFLGFLGAAGSTMGA,1,vfp
AVGLGALFLGFLGAAGSTMGA,1,vfp
AALGALFLGFLGAAGSTMGA,1,vfp
AIGLGAVFLGFLGAAGSTMGA,1,vfp
AVGTIGAMFLGFLGAAGSTMG,1,vfp
AVGIGAVFLGFLGTAGSTMGA,1,vfp
AVGAIGAMFLGFLGAAGSTMG,1,vfp
AIGLGAMFLGFLGAAGSTMGA,1,vfp
GVMVLGFLGFLAMAGSAMGAT,1,vfp
GAFVLGFLGFLTTAGVAMGTA,1,vfp
GVFVLGFLGFLTTAGAAMGAA,1,vfp
AVGMLGAMFLGFLGAAGSTMG,1,vfp
AVGMGAMFLGFLGAAGSTMGA,1,vfp
GVFVLGFLGFLATAGSAMGAA,1,vfp
GVMVLGFLGLLAMAGSAMGAT,1,vfp
AVGLGAVFFGFLGAAGSTMGA,1,vfp
AVGIVGAMFLGFLGAAGSTMG,1,vfp
AAIGALFLGFLGAAGSTMGAA,1,vfp
AAFGLGALFLGFLGAAGSTMGA,1,vfp
GVFVLGFLGFLATAGSAMGAR,1,vfp
GVFVLGFLGFLATAGSAMGGA,1,vfp
AVGLGMLFLGVLSAAGSTMGA,1,vfp
AVTLGAMFLGFLGAAGSTMGA,1,vfp
AVGVIGAMFLGFLGAAGSTMG,1,vfp
AVGMGAFFLGFLGAAGSTMGA,1,vfp
AIGMGAFFLGFLGAAGSTMGA,1,vfp
GVLVLGFLGFLATAGSAMGAA,1,vfp
GVFVLGVLGFLATAGSAMGAA,1,vfp
GVLVLGFLGFLTTAGAAMGAA,1,vfp
AVGMGASFLGFLGAAGSTMGA,1,vfp
AVGLGAVFLGFLGAAGSTMGA,1,vfp
FAGVVVGLAALGVATAAQITAAVAI,1,vfp
FFGGVIGTIALGVATSAQITAAVAL,1,vfp
FFGAVIGTIALGVATAAQITAGIAL,1,vfp
FLGFLLGVGSAIASGTAVSKV,1,vfp
FLGFLLGVGSAIASGIAVSKV,1,vfp
FLGFLLGVGSAIASGVAVSKV,1,vfp
KRSFIEDLLFNKV,1,vfp
MYKTPTLKYFGGFNFSQIL,1,vfp
NYAKLRSMGYALTGAVQTLSQIS,1,vfp
AVPVAVWLVSALAIGAGVAGG,1,vfp
AVPVAVWLVSALAMGAGVAGR,1,vfp
AVPVAVWLVSALAMGAGMAGG,1,vfp
AVPVAVWLVSALAMGAGVAGG,1,vfp
AVPIAVWLVSALAAGTGIAGG,1,vfp
AVPIAIWLVSALAAGTGIAGG,1,vfp
CCGFTLGVGGAWFQAY,1,vfp
GLFGAIAGFIEGGWTGMIDGWYGYH,1,vfp
GLFGAIAGFIEGGWQGMVDGWYGYH,1,vfp
GLFGAIAGFIENGWEGMIDGWYGFR,1,vfp
GLFGAIAGFIENGWQGLIDGWYGFR,1,vfp
GLFGAIAGFIENGWEGLVDGWYGFR,1,vfp
GLFGAIAGFIEGGWSGMIDGWYGFH,1,vfp
GLFGAIAGFIEGGWPGLVAGWYGFQ,1,vfp
GLFGAIAGFIENGWEGMVDGWYGFR,1,vfp
GLFGAIAGFIEGGWPGLINGWYGFQ,1,vfp
GLFGAIAGFIENGWEGCGG,1,vfp
GLFGAIAGFIENGWEGLIDGWYGFR,1,vfp
GIFGAIAGFIENGWEGMVDGWYGFRHQNSEGTGQAADL,1,vfp
DRGWGNGCGLFGKGSI,1,vfp
AVGMVIFLLVLAIMAMTASVT,1,vfp
AFFSWSLTDSSGKDTPGGYCLEEWMLVAAKMKCFGNTAV,1,vfp
VSLTLAVLLGLGVAAGIGTGS,1,vfp
GLSWIPFFGPGIEGLYTAGLI,1,vfp
GLSWIPFFGPGIEGLYTAVLI,1,vfp
DRGWGNHCGLFGKG,1,vfp
GTFTWTLSDSEGKDTPGGYCLTRWMLIEAELKCFGNTAV,1,vfp
GTFTWTLSDSEGNETPGGYCLTRWMLIEAELKCFGNTAV,1,vfp
AFFSWSLTDSSGKDMPGGYCLEEWMLIAAKMKCFGNTAV,1,vfp
GIGLVIVLAIMAIIAAAGAGL,1,vfp
LIPLFVGLGITTAVSTGAAGL,1,vfp
VYPFMWGGAYCFCDSENT,1,vfp
FAGVVLAGAALGVATAAQITAGIAL,1,vfp
RSARSAIEDLLFDKV,1,vfp
VYPFLWGGAYCFCDSENT,1,vfp
VSLTLALLLGGLTMGGIAAGI,1,vfp
FVAAIILGISALIAIITSFAV,1,vfp
FAGIAIGIAALGVATAAQVTAAVSL,1,vfp
SAIEDLLFDKVKLSDVGF,1,vfp
LIGAIIGGVALGVATAAQITAAAAL,1,vfp
FIGAIIGGVALGVATAAQITAAAAL,1,vfp
FIGAIIGSVALGVATAAQITAASAL,1,vfp
LIGAIIGGAALGVATAAQITAASAL,1,vfp
LIGAIIGGVALGVATPAQITAAAAL,1,vfp
LIGAIIGGVALGVATAAQITAASAL,1,vfp
FIGAIIGSVALGVATPAQITAASAL,1,vfp
LAGVIMAGVAIGIATAAQITAGVAL,1,vfp
FAGVVIAGAALGVATAAQITAGVAL,1,vfp
NPYPDYHWLRTVKTTKESLVIISPSVADLDPYDRSLHSRVFPGGNCS,1,vfp
WGCGCFNVNPSCLFVHT,1,vfp
FAGVALAGAALGVATAAQITAGIAL,1,vfp
VYPLLWGAAHCFCSTENT,1,vfp
YQCKVYTGVYPFMWGGAYCFC,1,vfp
FFGAVIGTIALGVATSAQITAGIAL,1,vfp
NIEKLRSMGYSLTGAVQTLSQIS,1,vfp
NYERLRSMGYALTGAVQTLSQIS,1,vfp
NYAKLKSMGYALTGAVQTLSQIS,1,vfp
RDVGIGLLFLGFLSAAGSTMG,1,vfp
GAVILGILGLLSLAGSAMGSV,1,vfp
GVFVLGFLGFLATAGSAIGAV,1,vfp
AAVGLGALFLGFLGAAGSTMGA,1,vfp
GVFVLGFLGFLATAGSAMSAA,1,vfp
VPFVLGFLGFLGAAGTAMGAA,1,vfp
FIPLVIGLGITTAVSTGTAGL,1,vfp
FIPLLVGLGITTAVSTGTAGL,1,vfp
FIPLLVGLGITTAVSTGTTGL,1,vfp
FAGVVVGLAALGVATAAQVTAAVAV,1,vfp
FAGVVIGLAALGVATAAQVT,1,vfp
FAGVVIGLAALGVATAAQVTAAVALV,1,vfp
FAGVVIGLAALGVATAAQVTAAVAL,1,vfp
GVYPFMWGGAQCFCDSEN,1,vfp
LIPLLVGLGVSTAVATGTAGL,1,vfp
DRGWGNHCGFFGKGSI,1,vfp
DRGWGNHCGFFGKG,1,vfp
FVLGAIALGVATAAAVTAGVAL,1,vfp
NEESYYHIAARIATSIFALSEMGRTTEYF,1,vfp
VYPFMWGGAQCFCDSENT,1,vfp
DRGWGNGCGLFGKGSL,1,vfp
TYQIAVLALGLVLLLAFVLIS,0,tmd
LFVLALGSFVMTCVVGGAVWL,0,tmd
IIIKYWYIDLTITIFAFLILY,0,tmd
SLLLVLLILLTLAGILFIIFV,0,tmd
SDHITIAAKFIGILHLILWIL,0,tmd
IVLFEVFVVFILIYVFFRSEL,0,tmd
FMIHLFILAMFVMIYKFFPGG,0,tmd
GTFGGILAGLIGLLVSFFLLI,0,tmd
GSIMWLASLAVVIACAGAMKL,0,tmd
SHLVVILALLLLALWCLS,0,tmd
VAIVSICFLLALYFCYVLL,0,tmd
AYIFPTILAIIFAVFALVAIHIT,0,tmd
CLPVIVAPYLFWLAAIAASCF,0,tmd
VLITNYLKITIFGAILGITAYYI,0,tmd
VAVICAILALIFLVATIGLSV,0,tmd
FWEVICIYYFALQGSFLGILV,0,tmd
SALLVLLTACLALGFKVVTGP,0,tmd
LFYIIIFIVSGLIIGIFISII,0,tmd
LLIGSLAVGGVVAILFIGTCC,0,tmd
FFFIIGLIIGLFLVLRVGIYL,0,tmd
EFFIYIFLFIDKTNVESITMW,0,tmd
WGFWMLIGATIVAFVVLVCLL,0,tmd
ALVLAAGLVLGAAIWWVVGAG,0,tmd
ILAVGLCSCCAIYAATR,0,tmd
SWYQIFIAFSLTYTPIAIYSL,0,tmd
FVLVSIICSCISSLFLLICLL,0,tmd
AIVALVVAGIIAIVVWSIVFI,0,tmd
IATFGIGDTVTTIIGLSMAGI,0,tmd
LLLAFGCVLAVSVIVNCFLVS,0,tmd
IDWMTPLLITVMLGMCLTA,0,tmd
YWPGVVAIGLVSLFIFLSVSN,0,tmd
VPAICVSLICLLLLPLTILLV,0,tmd
EIVIFTFVSVLALYLLWLWVL,0,tmd
ITYILWTIILVLLSIIFIIVL,0,tmd
VLFSAISACLSFIIDVGGCCF,0,tmd
LTTIFSVVIVLAIFLYFGLLI,0,tmd
TKVLLVAAIGLSIVASILTYS,0,tmd
AVIIVASLAICYIVLSVLW,0,tmd
QIALILSLIILIFFIYKFAMF,0,tmd
IWIINLKVIIKIIISEIIVLI,0,tmd
LIFRIAILLLTVVTLATSVASLV,0,tmd
MIVYVLVGLSAFCIVLYLISQ,0,tmd
VIISFSMGLVLGNVIPGESCF,0,tmd
MIGILLLIGICVAVTVAILYA,0,tmd
VTLWATVFLTLGALVAGAKVW,0,tmd
FAIIAIVFVFILTAILFLM,0,tmd
LGIVYGSTLIILLLPLIGSFM,0,tmd
IWLLPIAGTIFALVALVIVNI,0,tmd
LNMGLALLLATIMVMILWAGM,0,tmd
YSKIYLALGCGLGLGFVVYAS,0,tmd
PNMFLTILAVVVIIALIIIFV,0,tmd
ALDLALLVLPALLIVIVVLIG,0,tmd
LSYVLLVANMWSFAVCANAFI,0,tmd
VQFYMIVIGVIILAALFMYYA,0,tmd
FVLSITIVLVILIIIAFIWYN,0,tmd
VFTVGFITGGVTPVMVSFVWPAA,0,tmd
LGFLIHTATVYGAEEAFLLPF,0,tmd
GIYMCYFLTVYLLLYPSPVII,0,tmd
FLIGVAALTLFALTIFVVVCC,0,tmd
LLLVLAAVILILFFGSACIKL,0,tmd
GFWIILIILLGILAIRIAIKV,0,tmd
LNDNAWLFVIAALILCLYFII,0,tmd
CRCLCFTMGMFAMGVLMTTTLLV,0,tmd
VLFATLLVGSALVFPVGGLVW,0,tmd
VLVSVVAVACGLGAVGLLLVA,0,tmd
MALFPLLLLGLLALSGGVTLV,0,tmd
LVFMMLTIGFFFIVTSLVAAI,0,tmd
FQILSICSFILSALHFMAWTIGH,0,tmd
ACFHFFLCGFICYLVHSALAA,0,tmd
GGMAHIISEAVIAGSIGLYF,0,tmd
VMNIVLIALSILAIL,0,tmd
NGPGLVMIITLMTVVSMVSS,0,tmd
WSPWLTTALAVILVVVVAGIG,0,tmd
GYFWQAAISDIAIILAVVSVV,0,tmd
IYSYTLLTLLVITLICYLIHI,0,tmd
LCLFLCYSYPAFGIAPLLGVF,0,tmd
IFGITALIILSAVAIFCITYYIYN,0,tmd
LFYGYDLLGLITYPILLLINY,0,tmd
IFLIYHFSPIYCPYLFLFTVF,0,tmd
GDSGFVSIGRSNHPKLS,0,tmd
IYIHYAICKFIFLLEIYKLIA,0,tmd
LGAVMGAALLLSVLGLSVWAC,0,tmd
FILLIVGFIYGAGGVLLYSVY,0,tmd
YSKSVFPIAVGIAVAVVLFTL,0,tmd
VPVGVGIGIAAAAIACVAAAAAGAYFVYT,0,tmd
IFYMIIFIVTGITVSILISII,0,tmd
IWVLSIICACLTYVNVTVHLV,0,tmd
LTILIASIYIIFFVNAAPTLY,0,tmd
YLTFLLLILLYRIITLYVWVV,0,tmd
VWLAIAFATIIFILILGWVFF,0,tmd
SLLVNMSLCLIVGGMGGYLLI,0,tmd
MSPAIILIGVLILIVLFVIKF,0,tmd
VFLALKVLGIMVLFYLLDAII,0,tmd
AYVWASVGGALVAGTTIYAIA,0,tmd
YTILIAIVVLVIIIIVLIYLF,0,tmd
SIILNLMFMGAVAVSVGILGI,0,tmd
QILLWALIIFIPFLAILWLIF,0,tmd
VYKVLAIGFLLCASIYCL,0,tmd
LALAILFNAVWFIAAKMIM,0,tmd
LKIFLICTIALIVIVLVAKII,0,tmd
IFSFVFDIFLFIFDVIWNTKL,0,tmd
AAAVTFYICLLAVLVVALGYA,0,tmd
YIIYAIVAAILLLLFWLLYKK,0,tmd
IQEAFRAFARTARETIAGAWR,0,subseq
DLKNYINNRLLPIVNQQSCRI,0,subseq
LQQLQEWEDWVGWLGNIPRYL,0,subseq
LRMVIYVVQMLSRLRKGYRPV,0,subseq
LFDIFAGGHWGIIGALLYYST,0,subseq
CLVLLWEVGAASLSEVKLHLD,0,subseq
LMSSNVQIVRQQSYSIMSVVK,0,subseq
LKENIKYEVAIFVHGPTTVES,0,subseq
GAKQENWNADIKTLKFDALSG,0,subseq
RAAARATGETLASAGETLWEA,0,subseq
TLGLRGWEILKYLVNLVWYWG,0,subseq
DDLKEVEKSITNLEKSLTSLS,0,subseq
VFFILCCTGCGTSCLGKLKCN,0,subseq
RIPQAIMDMIAGAHWGVLAGI,0,subseq
MQGLAFLAALACWRCISLTCG,0,subseq
NQTTEAFVNGEHAVNVGGSKF,0,subseq
LAYAARVPELVLEIIFGGHWG,0,subseq
LSMIILYVLSIAALCIGLITF,0,subseq
GICASYHTVSLLRSTSQKSIV,0,subseq
IMLVLLYLIIIIIVLFGIYHV,0,subseq
LYENQKLIANQFNSAIGKIQE,0,subseq
PTVDIELVTTTVSNMAEVRSY,0,subseq
LKIAQYAAQNRRGLDLLFWEQ,0,subseq
TYEGHEAGKCGIHSLTPGVPL,0,subseq
VIWQWMEENGWNGENQHKKKK,0,subseq
GEVTLDCEPRSGLNTEAFYVM,0,subseq
GPPISLERLDVGTNLGSAIAK,0,subseq
IIHDFIDNPLPNQDNDDNWWT,0,subseq
HDSNVKNLFDEVKRRLSANAI,0,subseq
GNNEGYRSWPWQIEYIHFPIR,0,subseq
DTSGRLVHGFLAIIWVDLRSL,0,subseq
WGKELRDSAISLLNTTAIVVA,0,subseq
KAYVTKSEDCVTDHAQAYKAH,0,subseq
SVSVTCVWGSVSWFASTGGRD,0,subseq
YFPNINENTAYSGENENDCDA,0,subseq
FDKDLNLALTALHHAFRGTSS,0,subseq
IILWISFSMSCFVFVALILGF,0,subseq
IALEPLRPENCAVGSIPISID,0,subseq
ENNSIVPDWNNMTWQEWEQQT,0,subseq
RRGWEALKLLGNLLLYWGQEL,0,subseq
SIKEQIERAKAELLRLDIHEG,0,subseq
APKAGYFVQDDGEWKFTGSSY,0,subseq
QDYATPMTNNMRECLTGSTEK,0,subseq
EGMVGWNNAERLVEFGVPHAV,0,subseq
PCLLQFVSSSIRKMINSSINY,0,subseq
GHWGVLLAAAYFASTANWAKV,0,subseq
LPIVNQQSCRISNIETVIEFQ,0,subseq
LGCNQNQFFCKVPSALWERYN,0,subseq
LEQDQQRLITAINQTHYNLLN,0,subseq
KKSKCWEIEYPDVRPLQESDG,0,subseq
AEGTDRVIEIVRRACRAVLHI,0,subseq
KGVSCSIGSNRVGIIKQLNKG,0,subseq
MLSKEYAERQSKTPITLVDIC,0,subseq
LCNICWKPLPTTITVPVEPTA,0,subseq
LEWDKEVSNYTQVIYNLIEES,0,subseq
HAAIQADLKEVESSITNLEKS,0,subseq
VNGDHAVTIAGTKFIFGPVST,0,subseq
TDRFIELIQRIWRAFCNIPRR,0,subseq
PTTTMLLAYLVRIPEVVLDII,0,subseq
CKIAVNPLRAVDCSYGNIPIS,0,subseq
AWRGFWGTLGQIGRGILAVPR,0,subseq
PNASVVYETENLIMHLPGCVP,0,subseq
HLRGILQYWGQELKTSAISLL,0,subseq
GNITTQLEEARAQEEKNLDAY,0,subseq
DQFNIALDQVFESVEKSKNLI,0,subseq
LYSNIKTTSTQTLEYGLNGDF,0,subseq
VVYETDSLIIHLPGCVPCVRE,0,subseq
SNASIVYEAADLIMHTPGCVP,0,subseq
LADSEMNKLYERVRKQLRENA,0,subseq
CVPPKDHVVPFPANHNNVVFP,0,subseq
QIPNHHQEEAGTPGRTGGGGG,0,subseq
YAASHSNVVFPDMSGTALSWV,0,subseq
MGPGLWVVMGVLVGVAGGHDT,0,subseq
IPHVWMPPQTTPHDWKGSHTT,0,subseq
EGWFNRSPWLTTLLSALAGPL,0,subseq
EGTDRIIEAFQVTLRIIRNIP,0,subseq
AWGWLWEAARRIGRGILAVPR,0,subseq
SCRAHDALIGSILNLYLTELT,0,subseq
GPCVIRQLQALPSRLQHRSQP,0,subseq
IYEADNIIMHTPGCVPCVKTG,0,subseq
MTWLEWEKQIEGLEGNITKQL,0,subseq
IVKINIPTIVTQSNALVIDFY,0,subseq
NELVPAMGQLSCDIVGQKLGL,0,subseq
ICCIRTAKAATYQEAAVYLWN,0,subseq
NEETEDEGGNEGAYRSWPWQI,0,subseq
EESRLERQKIEGVKLESEGTY,0,subseq
DKWASLWTWSDITKWLWYIKI,0,subseq
DSWIQEELGVSDNIMKVIRKT,0,subseq
VRRTYRAVLNVPTRIRQGLER,0,subseq
QSSTTIIIVLIMIIILFIINV,0,subseq
YGCEWIQEAFQAAARAARETL,0,subseq
YSSFACMLHYQLGSFSSLYIL,0,subseq
NKTAQELDCIKIAQQVGVELN,0,subseq
YAEESKLKRQEIDGIKLKSED,0,subseq
YANKSGIVRDKIRKLQEDLLA,0,subseq
RAVAHGSPDVNVAMLITPNPT,0,subseq
YLEDQARLNSWGCAWKQVCHT,0,subseq
LTQINTTLLDLTYEMLSLQQV,0,subseq
AAQAWWKFVRETLASAWRDLW,0,subseq
SATRDVWPAAASFIQGVGNFL,0,subseq
YTEVRASRQLAQQKVNECVKS,0,subseq
GDISARDLICAQKFNGLTVLP,0,subseq
ASIHPAFKMQICTSVVTCKGD,0,subseq
