sequence,x_percent,true,y_true,y_pred
SVASQSIIAYTMSLGAENSVA,,0.0,0,0
VASQSIIAYTMSLGAENSVAY,,0.0,0,0
ASQSIIAYTMSLGAENSVAYS,,0.0,0,0
SQSIIAYTMSLGAENSVAYSN,,0.0,0,0
QSIIAYTMSLGAENSVAYSNN,,0.0,0,0
SIIAYTMSLGAENSVAYSNNS,,0.0,0,0
IIAYTMSLGAENSVAYSNNSI,,0.0,0,0
IAYTMSLGAENSVAYSNNSIA,,0.0,0,0
AYTMSLGAENSVAYSNNSIAI,,0.0,0,0
YTMSLGAENSVAYSNNSIAIP,,0.0,0,0
TMSLGAENSVAYSNNSIAIPT,,0.0,0,0
MSLGAENSVAYSNNSIAIPTN,,0.0,0,1
SLGAENSVAYSNNSIAIPTNF,,0.0,0,0
LGAENSVAYSNNSIAIPTNFT,,0.0,0,0
GAENSVAYSNNSIAIPTNFTI,,0.0,0,0
AENSVAYSNNSIAIPTNFTIS,,0.0,0,0
ENSVAYSNNSIAIPTNFTISV,,0.0,0,0
NSVAYSNNSIAIPTNFTISVT,,0.0,0,0
SVAYSNNSIAIPTNFTISVTT,,0.0,0,0
VAYSNNSIAIPTNFTISVTTE,,0.0,0,0
AYSNNSIAIPTNFTISVTTEI,,0.0,0,0
YSNNSIAIPTNFTISVTTEIL,,0.0,0,0
SNNSIAIPTNFTISVTTEILP,,0.0,0,0
NNSIAIPTNFTISVTTEILPV,,0.0,0,0
NSIAIPTNFTISVTTEILPVS,,0.0,0,0
SIAIPTNFTISVTTEILPVSM,,0.0,0,0
IAIPTNFTISVTTEILPVSMT,,0.0,0,0
AIPTNFTISVTTEILPVSMTK,,0.0,0,0
IPTNFTISVTTEILPVSMTKT,,0.0,0,0
PTNFTISVTTEILPVSMTKTS,,0.0,0,0
TNFTISVTTEILPVSMTKTSV,,0.0,0,0
NFTISVTTEILPVSMTKTSVD,,0.0,0,0
FTISVTTEILPVSMTKTSVDC,,0.0,0,0
TISVTTEILPVSMTKTSVDCT,,0.0,0,0
ISVTTEILPVSMTKTSVDCTM,,0.0,0,0
SVTTEILPVSMTKTSVDCTMY,,0.0,0,0
VTTEILPVSMTKTSVDCTMYI,,0.0,0,0
TTEILPVSMTKTSVDCTMYIC,,0.0,0,0
TEILPVSMTKTSVDCTMYICG,,0.0,0,0
EILPVSMTKTSVDCTMYICGD,,0.0,0,0
ILPVSMTKTSVDCTMYICGDS,,0.0,0,0
LPVSMTKTSVDCTMYICGDST,,0.0,0,0
PVSMTKTSVDCTMYICGDSTE,,0.0,0,0
VSMTKTSVDCTMYICGDSTEC,,0.0,0,0
SMTKTSVDCTMYICGDSTECS,,0.0,0,0
MTKTSVDCTMYICGDSTECSN,,0.0,0,0
TKTSVDCTMYICGDSTECSNL,,0.0,0,0
KTSVDCTMYICGDSTECSNLL,,0.0,0,0
TSVDCTMYICGDSTECSNLLL,,0.0,0,0
SVDCTMYICGDSTECSNLLLQ,,0.0,0,0
VDCTMYICGDSTECSNLLLQY,,0.0,0,0
DCTMYICGDSTECSNLLLQYG,,0.0,0,0
CTMYICGDSTECSNLLLQYGS,,0.0,0,0
TMYICGDSTECSNLLLQYGSF,,0.0,0,0
MYICGDSTECSNLLLQYGSFC,,0.0,0,0
YICGDSTECSNLLLQYGSFCT,,0.0,0,1
ICGDSTECSNLLLQYGSFCTQ,,0.0,0,1
CGDSTECSNLLLQYGSFCTQL,,0.0,0,1
GDSTECSNLLLQYGSFCTQLN,,0.0,0,0
DSTECSNLLLQYGSFCTQLNR,,0.0,0,0
STECSNLLLQYGSFCTQLNRA,,0.0,0,0
TECSNLLLQYGSFCTQLNRAL,,0.0,0,0
ECSNLLLQYGSFCTQLNRALT,,0.0,0,0
CSNLLLQYGSFCTQLNRALTG,,0.0,0,0
SNLLLQYGSFCTQLNRALTGI,,0.0,0,0
NLLLQYGSFCTQLNRALTGIA,,0.0,0,0
LLLQYGSFCTQLNRALTGIAV,,0.0,0,0
LLQYGSFCTQLNRALTGIAVE,,0.0,0,0
LQYGSFCTQLNRALTGIAVEQ,,0.0,0,0
QYGSFCTQLNRALTGIAVEQD,,0.0,0,0
YGSFCTQLNRALTGIAVEQDK,,0.0,0,0
GSFCTQLNRALTGIAVEQDKN,,0.0,0,0
SFCTQLNRALTGIAVEQDKNT,,0.0,0,0
FCTQLNRALTGIAVEQDKNTQ,,0.0,0,0
CTQLNRALTGIAVEQDKNTQE,,0.0,0,0
TQLNRALTGIAVEQDKNTQEV,,0.0,0,0
QLNRALTGIAVEQDKNTQEVF,,0.0,0,0
LNRALTGIAVEQDKNTQEVFA,,0.0,0,0
NRALTGIAVEQDKNTQEVFAQ,,0.0,0,0
RALTGIAVEQDKNTQEVFAQV,,0.0,0,0
ALTGIAVEQDKNTQEVFAQVK,,0.0,0,0
LTGIAVEQDKNTQEVFAQVKQ,,0.0,0,0
TGIAVEQDKNTQEVFAQVKQI,,0.0,0,0
GIAVEQDKNTQEVFAQVKQIY,,0.0,0,0
IAVEQDKNTQEVFAQVKQIYK,,0.0,0,0
AVEQDKNTQEVFAQVKQIYKT,,0.0,0,0
VEQDKNTQEVFAQVKQIYKTP,,0.0,0,0
EQDKNTQEVFAQVKQIYKTPP,,0.0,0,0
QDKNTQEVFAQVKQIYKTPPI,,0.0,0,0
DKNTQEVFAQVKQIYKTPPIK,,0.0,0,0
KNTQEVFAQVKQIYKTPPIKD,,0.0,0,0
NTQEVFAQVKQIYKTPPIKDF,,0.0,0,0
TQEVFAQVKQIYKTPPIKDFG,,0.0,0,0
QEVFAQVKQIYKTPPIKDFGG,,0.0,0,0
EVFAQVKQIYKTPPIKDFGGF,,0.0,0,0
VFAQVKQIYKTPPIKDFGGFN,,0.0,0,0
FAQVKQIYKTPPIKDFGGFNF,,0.0,0,0
AQVKQIYKTPPIKDFGGFNFS,,0.0,0,0
QVKQIYKTPPIKDFGGFNFSQ,,0.0,0,0
VKQIYKTPPIKDFGGFNFSQI,,0.0,0,0
KQIYKTPPIKDFGGFNFSQIL,,0.0,0,1
QIYKTPPIKDFGGFNFSQILP,,0.0,0,1
IYKTPPIKDFGGFNFSQILPD,,0.0,0,0
YKTPPIKDFGGFNFSQILPDP,,0.0,0,0
KTPPIKDFGGFNFSQILPDPS,,0.0,0,0
TPPIKDFGGFNFSQILPDPSK,,0.0,0,0
PPIKDFGGFNFSQILPDPSKP,,0.0,0,0
PIKDFGGFNFSQILPDPSKPX,0.047619047619047616,0.047619047619047616,0,0
IKDFGGFNFSQILPDPSKPXX,0.09523809523809523,0.09523809523809523,0,0
KDFGGFNFSQILPDPSKPXXX,0.14285714285714285,0.14285714285714285,0,0
DFGGFNFSQILPDPSKPXXXX,0.19047619047619047,0.19047619047619047,0,0
FGGFNFSQILPDPSKPXXXXX,0.23809523809523808,0.23809523809523808,0,0
GGFNFSQILPDPSKPXXXXXX,0.2857142857142857,0.2857142857142857,0,0
GFNFSQILPDPSKPXXXXXXX,0.3333333333333333,0.3333333333333333,0,0
FNFSQILPDPSKPXXXXXXXX,0.38095238095238093,0.38095238095238093,0,0
NFSQILPDPSKPXXXXXXXXX,0.42857142857142855,0.42857142857142855,0,0
FSQILPDPSKPXXXXXXXXXX,0.47619047619047616,0.47619047619047616,0,0
SQILPDPSKPXXXXXXXXXXX,0.5238095238095238,0.5238095238095238,1,0
QILPDPSKPXXXXXXXXXXXX,0.5714285714285714,0.5714285714285714,1,0
ILPDPSKPXXXXXXXXXXXXX,0.6190476190476191,0.6190476190476191,1,0
LPDPSKPXXXXXXXXXXXXXX,0.6666666666666666,0.6666666666666666,1,0
PDPSKPXXXXXXXXXXXXXXX,0.7142857142857143,0.7142857142857143,1,0
DPSKPXXXXXXXXXXXXXXXX,0.7619047619047619,0.7619047619047619,1,0
PSKPXXXXXXXXXXXXXXXXX,0.8095238095238095,0.8095238095238095,1,0
SKPXXXXXXXXXXXXXXXXXX,0.8571428571428571,0.8571428571428571,1,0
KPXXXXXXXXXXXXXXXXXXX,0.9047619047619048,0.9047619047619048,1,0
PXXXXXXXXXXXXXXXXXXXX,0.9523809523809523,0.9523809523809523,1,0
XXXXXXXXXXXXXXXXXXXXX,1.0,1.0,1,0
XXXXXXXXXXXXXXXXXXXXX,1.0,1.0,1,0
XXXXXXXXXXXXXXXXXXXXX,1.0,1.0,1,0
XXXXXXXXXXXXXXXXXXXXX,1.0,1.0,1,0
XXXXXXXXXXXXXXXXXXXXX,1.0,1.0,1,1
XXXXXXXXXXXXXXXXXXXXX,1.0,1.0,1,0
XXXXXXXXXXXXXXXXXXXXX,1.0,1.0,1,0
XXXXXXXXXXXXXXXXXXXXX,1.0,1.0,1,0
XXXXXXXXXXXXXXXXXXXXX,1.0,1.0,1,0
XXXXXXXXXXXXXXXXXXXXX,1.0,1.0,1,0
XXXXXXXXXXXXXXXXXXXXX,1.0,1.0,1,0
XXXXXXXXXXXXXXXXXXXXX,1.0,1.0,1,0
XXXXXXXXXXXXXXXXXXXXX,1.0,1.0,1,0
XXXXXXXXXXXXXXXXXXXXX,1.0,1.0,1,0
XXXXXXXXXXXXXXXXXXXXX,1.0,1.0,1,0
XXXXXXXXXXXXXXXXXXXXX,1.0,1.0,1,0
XXXXXXXXXXXXXXXXXXXXX,1.0,1.0,1,0
XXXXXXXXXXXXXXXXXXXXX,1.0,1.0,1,0
XXXXXXXXXXXXXXXXXXXXX,1.0,1.0,1,0
XXXXXXXXXXXXXXXXXXXXX,1.0,1.0,1,0
XXXXXXXXXXXXXXXXXXXXX,1.0,1.0,1,0
XXXXXXXXXXXXXXXXXXXXX,1.0,1.0,1,0
XXXXXXXXXXXXXXXXXXXXX,1.0,1.0,1,0
XXXXXXXXXXXXXXXXXXXXX,1.0,1.0,1,1
XXXXXXXXXXXXXXXXXXXXX,1.0,1.0,1,1
XXXXXXXXXXXXXXXXXXXXX,1.0,1.0,1,1
XXXXXXXXXXXXXXXXXXXXX,1.0,1.0,1,0
XXXXXXXXXXXXXXXXXXXXX,1.0,1.0,1,0
XXXXXXXXXXXXXXXXXXXXX,1.0,1.0,1,0
XXXXXXXXXXXXXXXXXXXXX,1.0,1.0,1,0
XXXXXXXXXXXXXXXXXXXXX,1.0,1.0,1,0
XXXXXXXXXXXXXXXXXXXXX,1.0,1.0,1,0
XXXXXXXXXXXXXXXXXXXXX,1.0,1.0,1,0
XXXXXXXXXXXXXXXXXXXXX,1.0,1.0,1,0
XXXXXXXXXXXXXXXXXXXXX,1.0,1.0,1,0
XXXXXXXXXXXXXXXXXXXXX,1.0,1.0,1,0
XXXXXXXXXXXXXXXXXXXXX,1.0,1.0,1,0
XXXXXXXXXXXXXXXXXXXXX,1.0,1.0,1,0
XXXXXXXXXXXXXXXXXXXXX,1.0,1.0,1,0
XXXXXXXXXXXXXXXXXXXXX,1.0,1.0,1,0
XXXXXXXXXXXXXXXXXXXXX,1.0,1.0,1,0
XXXXXXXXXXXXXXXXXXXXX,1.0,1.0,1,0
XXXXXXXXXXXXXXXXXXXXX,1.0,1.0,1,0
XXXXXXXXXXXXXXXXXXXXX,1.0,1.0,1,0
XXXXXXXXXXXXXXXXXXXXX,1.0,1.0,1,0
XXXXXXXXXXXXXXXXXXXXX,1.0,1.0,1,0
XXXXXXXXXXXXXXXXXXXXX,1.0,1.0,1,0
XXXXXXXXXXXXXXXXXXXXX,1.0,1.0,1,0
XXXXXXXXXXXXXXXXXXXXX,1.0,1.0,1,0
XXXXXXXXXXXXXXXXXXXXX,1.0,1.0,1,0
XXXXXXXXXXXXXXXXXXXXX,1.0,1.0,1,1
XXXXXXXXXXXXXXXXXXXXX,1.0,1.0,1,0
XXXXXXXXXXXXXXXXXXXXX,1.0,1.0,1,1
XXXXXXXXXXXXXXXXXXXXX,1.0,1.0,1,1
XXXXXXXXXXXXXXXXXXXXX,1.0,1.0,1,1
XXXXXXXXXXXXXXXXXXXXX,1.0,1.0,1,0
XXXXXXXXXXXXXXXXXXXXX,1.0,1.0,1,1
XXXXXXXXXXXXXXXXXXXXX,1.0,1.0,1,1
XXXXXXXXXXXXXXXXXXXXX,1.0,1.0,1,1
XXXXXXXXXXXXXXXXXXXXX,1.0,1.0,1,1
XXXXXXXXXXXXXXXXXXXXX,1.0,1.0,1,1
XXXXXXXXXXXXXXXXXXXXX,1.0,1.0,1,1
XXXXXXXXXXXXXXXXXXXXX,1.0,1.0,1,1
XXXXXXXXXXXXXXXXXXXXX,1.0,1.0,1,1
XXXXXXXXXXXXXXXXXXXXX,1.0,1.0,1,0
XXXXXXXXXXXXXXXXXXXXX,1.0,1.0,1,1
XXXXXXXXXXXXXXXXXXXXX,1.0,1.0,1,0
XXXXXXXXXXXXXXXXXXXXX,1.0,1.0,1,0
XXXXXXXXXXXXXXXXXXXXX,1.0,1.0,1,0
XXXXXXXXXXXXXXXXXXXXX,1.0,1.0,1,0
XXXXXXXXXXXXXXXXXXXXX,1.0,1.0,1,1
XXXXXXXXXXXXXXXXXXXXX,1.0,1.0,1,1
XXXXXXXXXXXXXXXXXXXXX,1.0,1.0,1,1
XXXXXXXXXXXXXXXXXXXXX,1.0,1.0,1,1
XXXXXXXXXXXXXXXXXXXXX,1.0,1.0,1,1
XXXXXXXXXXXXXXXXXXXXX,1.0,1.0,1,1
XXXXXXXXXXXXXXXXXXXXX,1.0,1.0,1,0
XXXXXXXXXXXXXXXXXXXXX,1.0,1.0,1,1
XXXXXXXXXXXXXXXXXXXXX,1.0,1.0,1,1
XXXXXXXXXXXXXXXXXXXXX,1.0,1.0,1,0
XXXXXXXXXXXXXXXXXXXXX,1.0,1.0,1,0
XXXXXXXXXXXXXXXXXXXXX,1.0,1.0,1,0
XXXXXXXXXXXXXXXXXXXXX,1.0,1.0,1,0
XXXXXXXXXXXXXXXXXXXXX,1.0,1.0,1,0
XXXXXXXXXXXXXXXXXXXXX,1.0,1.0,1,0
XXXXXXXXXXXXXXXXXXXXX,1.0,1.0,1,0
XXXXXXXXXXXXXXXXXXXXX,1.0,1.0,1,0
XXXXXXXXXXXXXXXXXXXXX,1.0,1.0,1,0
XXXXXXXXXXXXXXXXXXXXX,1.0,1.0,1,0
XXXXXXXXXXXXXXXXXXXXX,1.0,1.0,1,0
XXXXXXXXXXXXXXXXXXXXX,1.0,1.0,1,0
XXXXXXXXXXXXXXXXXXXXX,1.0,1.0,1,0
XXXXXXXXXXXXXXXXXXXXX,1.0,1.0,1,0
XXXXXXXXXXXXXXXXXXXXX,1.0,1.0,1,0
XXXXXXXXXXXXXXXXXXXXX,1.0,1.0,1,0
XXXXXXXXXXXXXXXXXXXXX,1.0,1.0,1,0
XXXXXXXXXXXXXXXXXXXXX,1.0,1.0,1,0
XXXXXXXXXXXXXXXXXXXXX,1.0,1.0,1,0
XXXXXXXXXXXXXXXXXXXXX,1.0,1.0,1,0
XXXXXXXXXXXXXXXXXXXXX,1.0,1.0,1,0
XXXXXXXXXXXXXXXXXXXXX,1.0,1.0,1,0
XXXXXXXXXXXXXXXXXXXXX,1.0,1.0,1,0
XXXXXXXXXXXXXXXXXXXXX,1.0,1.0,1,0
XXXXXXXXXXXXXXXXXXXXX,1.0,1.0,1,0
XXXXXXXXXXXXXXXXXXXXX,1.0,1.0,1,0
XXXXXXXXXXXXXXXXXXXXX,1.0,1.0,1,0
XXXXXXXXXXXXXXXXXXXXX,1.0,1.0,1,0
XXXXXXXXXXXXXXXXXXXXX,1.0,1.0,1,0
XXXXXXXXXXXXXXXXXXXXX,1.0,1.0,1,0
XXXXXXXXXXXXXXXXXXXXX,1.0,1.0,1,0
XXXXXXXXXXXXXXXXXXXXX,1.0,1.0,1,0
XXXXXXXXXXXXXXXXXXXXX,1.0,1.0,1,0
XXXXXXXXXXXXXXXXXXXXX,1.0,1.0,1,0
XXXXXXXXXXXXXXXXXXXXX,1.0,1.0,1,0
XXXXXXXXXXXXXXXXXXXXX,1.0,1.0,1,0
XXXXXXXXXXXXXXXXXXXXX,1.0,1.0,1,0
XXXXXXXXXXXXXXXXXXXXX,1.0,1.0,1,0
XXXXXXXXXXXXXXXXXXXXX,1.0,1.0,1,0
XXXXXXXXXXXXXXXXXXXXX,1.0,1.0,1,0
XXXXXXXXXXXXXXXXXXXXX,1.0,1.0,1,0
XXXXXXXXXXXXXXXXXXXXX,1.0,1.0,1,0
XXXXXXXXXXXXXXXXXXXXX,1.0,1.0,1,0
XXXXXXXXXXXXXXXXXXXXX,1.0,1.0,1,0
XXXXXXXXXXXXXXXXXXXXX,1.0,1.0,1,0
XXXXXXXXXXXXXXXXXXXXX,1.0,1.0,1,0
XXXXXXXXXXXXXXXXXXXXX,1.0,1.0,1,0
XXXXXXXXXXXXXXXXXXXXX,1.0,1.0,1,0
XXXXXXXXXXXXXXXXXXXXX,1.0,1.0,1,0
XXXXXXXXXXXXXXXXXXXXX,1.0,1.0,1,0
XXXXXXXXXXXXXXXXXXXXX,1.0,1.0,1,0
XXXXXXXXXXXXXXXXXXXXX,1.0,1.0,1,0
XXXXXXXXXXXXXXXXXXXXX,1.0,1.0,1,0
XXXXXXXXXXXXXXXXXXXXX,1.0,1.0,1,0
XXXXXXXXXXXXXXXXXXXXX,1.0,1.0,1,0
XXXXXXXXXXXXXXXXXXXXX,1.0,1.0,1,0
XXXXXXXXXXXXXXXXXXXXX,1.0,1.0,1,0
XXXXXXXXXXXXXXXXXXXXX,1.0,1.0,1,0
XXXXXXXXXXXXXXXXXXXXX,1.0,1.0,1,0
XXXXXXXXXXXXXXXXXXXXX,1.0,1.0,1,0
XXXXXXXXXXXXXXXXXXXXX,1.0,1.0,1,0
XXXXXXXXXXXXXXXXXXXXX,1.0,1.0,1,0
XXXXXXXXXXXXXXXXXXXXX,1.0,1.0,1,0
XXXXXXXXXXXXXXXXXXXXX,1.0,1.0,1,0
XXXXXXXXXXXXXXXXXXXXX,1.0,1.0,1,0
XXXXXXXXXXXXXXXXXXXXX,1.0,1.0,1,0
XXXXXXXXXXXXXXXXXXXXX,1.0,1.0,1,0
XXXXXXXXXXXXXXXXXXXXX,1.0,1.0,1,0
XXXXXXXXXXXXXXXXXXXXX,1.0,1.0,1,0
XXXXXXXXXXXXXXXXXXXXX,1.0,1.0,1,0
XXXXXXXXXXXXXXXXXXXXX,1.0,1.0,1,0
XXXXXXXXXXXXXXXXXXXXX,1.0,1.0,1,0
XXXXXXXXXXXXXXXXXXXXX,1.0,1.0,1,0
XXXXXXXXXXXXXXXXXXXXX,1.0,1.0,1,0
XXXXXXXXXXXXXXXXXXXXX,1.0,1.0,1,0
XXXXXXXXXXXXXXXXXXXXX,1.0,1.0,1,0
XXXXXXXXXXXXXXXXXXXXX,1.0,1.0,1,1
XXXXXXXXXXXXXXXXXXXXX,1.0,1.0,1,1
XXXXXXXXXXXXXXXXXXXXX,1.0,1.0,1,1
XXXXXXXXXXXXXXXXXXXXX,1.0,1.0,1,0
XXXXXXXXXXXXXXXXXXXXX,1.0,1.0,1,0
XXXXXXXXXXXXXXXXXXXXX,1.0,1.0,1,0
XXXXXXXXXXXXXXXXXXXXX,1.0,1.0,1,0
XXXXXXXXXXXXXXXXXXXXX,1.0,1.0,1,0
XXXXXXXXXXXXXXXXXXXXX,1.0,1.0,1,0
XXXXXXXXXXXXXXXXXXXXX,1.0,1.0,1,0
XXXXXXXXXXXXXXXXXXXXX,1.0,1.0,1,0
XXXXXXXXXXXXXXXXXXXXX,1.0,1.0,1,0
XXXXXXXXXXXXXXXXXXXXX,1.0,1.0,1,0
XXXXXXXXXXXXXXXXXXXXX,1.0,1.0,1,0
XXXXXXXXXXXXXXXXXXXXX,1.0,1.0,1,0
XXXXXXXXXXXXXXXXXXXXX,1.0,1.0,1,0
XXXXXXXXXXXXXXXXXXXXX,1.0,1.0,1,0
XXXXXXXXXXXXXXXXXXXXX,1.0,1.0,1,0
XXXXXXXXXXXXXXXXXXXXX,1.0,1.0,1,0
XXXXXXXXXXXXXXXXXXXXX,1.0,1.0,1,0
XXXXXXXXXXXXXXXXXXXXX,1.0,1.0,1,0
XXXXXXXXXXXXXXXXXXXXX,1.0,1.0,1,0
XXXXXXXXXXXXXXXXXXXXX,1.0,1.0,1,0
XXXXXXXXXXXXXXXXXXXXX,1.0,1.0,1,0
XXXXXXXXXXXXXXXXXXXXX,1.0,1.0,1,0
XXXXXXXXXXXXXXXXXXXXX,1.0,1.0,1,0
XXXXXXXXXXXXXXXXXXXXX,1.0,1.0,1,0
XXXXXXXXXXXXXXXXXXXXX,1.0,1.0,1,0
XXXXXXXXXXXXXXXXXXXXX,1.0,1.0,1,0
XXXXXXXXXXXXXXXXXXXXX,1.0,1.0,1,0
XXXXXXXXXXXXXXXXXXXXX,1.0,1.0,1,0
XXXXXXXXXXXXXXXXXXXXX,1.0,1.0,1,0
XXXXXXXXXXXXXXXXXXXXX,1.0,1.0,1,0
XXXXXXXXXXXXXXXXXXXXX,1.0,1.0,1,0
XXXXXXXXXXXXXXXXXXXXX,1.0,1.0,1,0
XXXXXXXXXXXXXXXXXXXXX,1.0,1.0,1,0
XXXXXXXXXXXXXXXXXXXXX,1.0,1.0,1,0
XXXXXXXXXXXXXXXXXXXXX,1.0,1.0,1,0
XXXXXXXXXXXXXXXXXXXXX,1.0,1.0,1,0
XXXXXXXXXXXXXXXXXXXXX,1.0,1.0,1,0
XXXXXXXXXXXXXXXXXXXXX,1.0,1.0,1,0
XXXXXXXXXXXXXXXXXXXXX,1.0,1.0,1,0
XXXXXXXXXXXXXXXXXXXXX,1.0,1.0,1,0
XXXXXXXXXXXXXXXXXXXXX,1.0,1.0,1,0
XXXXXXXXXXXXXXXXXXXXX,1.0,1.0,1,0
XXXXXXXXXXXXXXXXXXXXX,1.0,1.0,1,0
XXXXXXXXXXXXXXXXXXXXX,1.0,1.0,1,0
XXXXXXXXXXXXXXXXXXXXX,1.0,1.0,1,0
XXXXXXXXXXXXXXXXXXXXX,1.0,1.0,1,0
XXXXXXXXXXXXXXXXXXXXX,1.0,1.0,1,0
XXXXXXXXXXXXXXXXXXXXX,1.0,1.0,1,0
XXXXXXXXXXXXXXXXXXXXX,1.0,1.0,1,0
XXXXXXXXXXXXXXXXXXXXX,1.0,1.0,1,0
XXXXXXXXXXXXXXXXXXXXX,1.0,1.0,1,0
XXXXXXXXXXXXXXXXXXXXX,1.0,1.0,1,0
XXXXXXXXXXXXXXXXXXXXX,1.0,1.0,1,0
XXXXXXXXXXXXXXXXXXXXX,1.0,1.0,1,0
XXXXXXXXXXXXXXXXXXXXX,1.0,1.0,1,0
XXXXXXXXXXXXXXXXXXXXX,1.0,1.0,1,0
XXXXXXXXXXXXXXXXXXXXX,1.0,1.0,1,0
XXXXXXXXXXXXXXXXXXXXX,1.0,1.0,1,0
XXXXXXXXXXXXXXXXXXXXX,1.0,1.0,1,0
XXXXXXXXXXXXXXXXXXXXX,1.0,1.0,1,0
XXXXXXXXXXXXXXXXXXXXX,1.0,1.0,1,0
XXXXXXXXXXXXXXXXXXXXX,1.0,1.0,1,0
XXXXXXXXXXXXXXXXXXXXX,1.0,1.0,1,0
XXXXXXXXXXXXXXXXXXXXX,1.0,1.0,1,0
XXXXXXXXXXXXXXXXXXXXX,1.0,1.0,1,0
XXXXXXXXXXXXXXXXXXXXX,1.0,1.0,1,0
XXXXXXXXXXXXXXXXXXXXX,1.0,1.0,1,0
XXXXXXXXXXXXXXXXXXXXX,1.0,1.0,1,0
XXXXXXXXXXXXXXXXXXXXX,1.0,1.0,1,0
XXXXXXXXXXXXXXXXXXXXX,1.0,1.0,1,0
XXXXXXXXXXXXXXXXXXXXX,1.0,1.0,1,0
XXXXXXXXXXXXXXXXXXXXX,1.0,1.0,1,0
XXXXXXXXXXXXXXXXXXXXX,1.0,1.0,1,0
XXXXXXXXXXXXXXXXXXXXX,1.0,1.0,1,0
XXXXXXXXXXXXXXXXXXXXX,1.0,1.0,1,0
XXXXXXXXXXXXXXXXXXXXX,1.0,1.0,1,0
XXXXXXXXXXXXXXXXXXXXX,1.0,1.0,1,0
XXXXXXXXXXXXXXXXXXXXX,1.0,1.0,1,0
XXXXXXXXXXXXXXXXXXXXX,1.0,1.0,1,0
XXXXXXXXXXXXXXXXXXXXX,1.0,1.0,1,0
XXXXXXXXXXXXXXXXXXXXX,1.0,1.0,1,0
XXXXXXXXXXXXXXXXXXXXX,1.0,1.0,1,0
XXXXXXXXXXXXXXXXXXXXX,1.0,1.0,1,0
XXXXXXXXXXXXXXXXXXXXX,1.0,1.0,1,0
XXXXXXXXXXXXXXXXXXXXX,1.0,1.0,1,0
XXXXXXXXXXXXXXXXXXXXX,1.0,1.0,1,0
XXXXXXXXXXXXXXXXXXXXX,1.0,1.0,1,0
XXXXXXXXXXXXXXXXXXXXX,1.0,1.0,1,0
XXXXXXXXXXXXXXXXXXXXX,1.0,1.0,1,0
XXXXXXXXXXXXXXXXXXXXX,1.0,1.0,1,0
XXXXXXXXXXXXXXXXXXXXX,1.0,1.0,1,0
XXXXXXXXXXXXXXXXXXXXX,1.0,1.0,1,0
XXXXXXXXXXXXXXXXXXXXX,1.0,1.0,1,0
XXXXXXXXXXXXXXXXXXXXX,1.0,1.0,1,0
XXXXXXXXXXXXXXXXXXXXX,1.0,1.0,1,0
XXXXXXXXXXXXXXXXXXXXX,1.0,1.0,1,0
XXXXXXXXXXXXXXXXXXXXX,1.0,1.0,1,0
XXXXXXXXXXXXXXXXXXXXX,1.0,1.0,1,0
XXXXXXXXXXXXXXXXXXXXX,1.0,1.0,1,0
XXXXXXXXXXXXXXXXXXXXX,1.0,1.0,1,0
XXXXXXXXXXXXXXXXXXXXX,1.0,1.0,1,0
XXXXXXXXXXXXXXXXXXXXX,1.0,1.0,1,0
XXXXXXXXXXXXXXXXXXXXX,1.0,1.0,1,0
XXXXXXXXXXXXXXXXXXXXX,1.0,1.0,1,0
XXXXXXXXXXXXXXXXXXXXX,1.0,1.0,1,0
XXXXXXXXXXXXXXXXXXXXX,1.0,1.0,1,0
XXXXXXXXXXXXXXXXXXXXX,1.0,1.0,1,0
XXXXXXXXXXXXXXXXXXXXX,1.0,1.0,1,0
XXXXXXXXXXXXXXXXXXXXX,1.0,1.0,1,0
XXXXXXXXXXXXXXXXXXXXX,1.0,1.0,1,0
XXXXXXXXXXXXXXXXXXXXX,1.0,1.0,1,0
XXXXXXXXXXXXXXXXXXXXX,1.0,1.0,1,0
XXXXXXXXXXXXXXXXXXXXX,1.0,1.0,1,0
XXXXXXXXXXXXXXXXXXXXX,1.0,1.0,1,0
XXXXXXXXXXXXXXXXXXXXX,1.0,1.0,1,0
XXXXXXXXXXXXXXXXXXXXX,1.0,1.0,1,0
XXXXXXXXXXXXXXXXXXXXX,1.0,1.0,1,0
XXXXXXXXXXXXXXXXXXXXX,1.0,1.0,1,0
XXXXXXXXXXXXXXXXXXXXX,1.0,1.0,1,0
XXXXXXXXXXXXXXXXXXXXX,1.0,1.0,1,0
XXXXXXXXXXXXXXXXXXXXX,1.0,1.0,1,0
XXXXXXXXXXXXXXXXXXXXX,1.0,1.0,1,0
XXXXXXXXXXXXXXXXXXXXX,1.0,1.0,1,0
XXXXXXXXXXXXXXXXXXXXX,1.0,1.0,1,0
XXXXXXXXXXXXXXXXXXXXX,1.0,1.0,1,0
XXXXXXXXXXXXXXXXXXXXX,1.0,1.0,1,0
XXXXXXXXXXXXXXXXXXXXX,1.0,1.0,1,0
XXXXXXXXXXXXXXXXXXXXX,1.0,1.0,1,0
XXXXXXXXXXXXXXXXXXXXX,1.0,1.0,1,0
XXXXXXXXXXXXXXXXXXXXX,1.0,1.0,1,0
XXXXXXXXXXXXXXXXXXXXX,1.0,1.0,1,0
XXXXXXXXXXXXXXXXXXXXX,1.0,1.0,1,0
XXXXXXXXXXXXXXXXXXXXX,1.0,1.0,1,0
XXXXXXXXXXXXXXXXXXXXX,1.0,1.0,1,0
XXXXXXXXXXXXXXXXXXXXX,1.0,1.0,1,0
XXXXXXXXXXXXXXXXXXXXX,1.0,1.0,1,0
XXXXXXXXXXXXXXXXXXXXX,1.0,1.0,1,0
XXXXXXXXXXXXXXXXXXXXX,1.0,1.0,1,0
XXXXXXXXXXXXXXXXXXXXX,1.0,1.0,1,0
XXXXXXXXXXXXXXXXXXXXX,1.0,1.0,1,0
XXXXXXXXXXXXXXXXXXXXX,1.0,1.0,1,0
XXXXXXXXXXXXXXXXXXXXX,1.0,1.0,1,0
XXXXXXXXXXXXXXXXXXXXX,1.0,1.0,1,0
XXXXXXXXXXXXXXXXXXXXX,1.0,1.0,1,0
XXXXXXXXXXXXXXXXXXXXX,1.0,1.0,1,0
XXXXXXXXXXXXXXXXXXXXX,1.0,1.0,1,0
XXXXXXXXXXXXXXXXXXXXX,1.0,1.0,1,0
XXXXXXXXXXXXXXXXXXXXX,1.0,1.0,1,0
XXXXXXXXXXXXXXXXXXXXX,1.0,1.0,1,0
XXXXXXXXXXXXXXXXXXXXX,1.0,1.0,1,0
XXXXXXXXXXXXXXXXXXXXX,1.0,1.0,1,0
XXXXXXXXXXXXXXXXXXXXX,1.0,1.0,1,0
XXXXXXXXXXXXXXXXXXXXX,1.0,1.0,1,0
XXXXXXXXXXXXXXXXXXXXX,1.0,1.0,1,0
XXXXXXXXXXXXXXXXXXXXX,1.0,1.0,1,0
XXXXXXXXXXXXXXXXXXXXX,1.0,1.0,1,0
XXXXXXXXXXXXXXXXXXXXX,1.0,1.0,1,0
XXXXXXXXXXXXXXXXXXXXX,1.0,1.0,1,0
XXXXXXXXXXXXXXXXXXXXX,1.0,1.0,1,0
XXXXXXXXXXXXXXXXXXXXX,1.0,1.0,1,0
XXXXXXXXXXXXXXXXXXXXX,1.0,1.0,1,0
XXXXXXXXXXXXXXXXXXXXX,1.0,1.0,1,0
XXXXXXXXXXXXXXXXXXXXX,1.0,1.0,1,0
XXXXXXXXXXXXXXXXXXXXX,1.0,1.0,1,0
XXXXXXXXXXXXXXXXXXXXX,1.0,1.0,1,0
XXXXXXXXXXXXXXXXXXXXX,1.0,1.0,1,0
XXXXXXXXXXXXXXXXXXXXX,1.0,1.0,1,0
XXXXXXXXXXXXXXXXXXXXX,1.0,1.0,1,0
XXXXXXXXXXXXXXXXXXXXX,1.0,1.0,1,0
XXXXXXXXXXXXXXXXXXXXX,1.0,1.0,1,0
XXXXXXXXXXXXXXXXXXXXX,1.0,1.0,1,0
XXXXXXXXXXXXXXXXXXXXX,1.0,1.0,1,0
XXXXXXXXXXXXXXXXXXXXX,1.0,1.0,1,0
XXXXXXXXXXXXXXXXXXXXX,1.0,1.0,1,0
XXXXXXXXXXXXXXXXXXXXX,1.0,1.0,1,0
XXXXXXXXXXXXXXXXXXXXX,1.0,1.0,1,0
XXXXXXXXXXXXXXXXXXXXX,1.0,1.0,1,0
XXXXXXXXXXXXXXXXXXXXX,1.0,1.0,1,0
XXXXXXXXXXXXXXXXXXXXX,1.0,1.0,1,0
XXXXXXXXXXXXXXXXXXXXX,1.0,1.0,1,0
XXXXXXXXXXXXXXXXXXXXX,1.0,1.0,1,0
XXXXXXXXXXXXXXXXXXXXX,1.0,1.0,1,0
XXXXXXXXXXXXXXXXXXXXX,1.0,1.0,1,0
XXXXXXXXXXXXXXXXXXXXX,1.0,1.0,1,0
XXXXXXXXXXXXXXXXXXXXX,1.0,1.0,1,0
XXXXXXXXXXXXXXXXXXXXX,1.0,1.0,1,0
XXXXXXXXXXXXXXXXXXXXX,1.0,1.0,1,0
XXXXXXXXXXXXXXXXXXXXX,1.0,1.0,1,0
XXXXXXXXXXXXXXXXXXXXX,1.0,1.0,1,0
XXXXXXXXXXXXXXXXXXXXX,1.0,1.0,1,0
XXXXXXXXXXXXXXXXXXXXX,1.0,1.0,1,0
XXXXXXXXXXXXXXXXXXXXX,1.0,1.0,1,0
XXXXXXXXXXXXXXXXXXXXX,1.0,1.0,1,0
XXXXXXXXXXXXXXXXXXXXX,1.0,1.0,1,0
XXXXXXXXXXXXXXXXXXXXX,1.0,1.0,1,0
XXXXXXXXXXXXXXXXXXXXX,1.0,1.0,1,0
XXXXXXXXXXXXXXXXXXXXX,1.0,1.0,1,0
XXXXXXXXXXXXXXXXXXXXX,1.0,1.0,1,0
XXXXXXXXXXXXXXXXXXXXX,1.0,1.0,1,0
XXXXXXXXXXXXXXXXXXXXX,1.0,1.0,1,0
XXXXXXXXXXXXXXXXXXXXX,1.0,1.0,1,0
XXXXXXXXXXXXXXXXXXXXX,1.0,1.0,1,0
XXXXXXXXXXXXXXXXXXXXX,1.0,1.0,1,0
XXXXXXXXXXXXXXXXXXXXX,1.0,1.0,1,0
XXXXXXXXXXXXXXXXXXXXX,1.0,1.0,1,0
XXXXXXXXXXXXXXXXXXXXX,1.0,1.0,1,0
XXXXXXXXXXXXXXXXXXXXX,1.0,1.0,1,0
XXXXXXXXXXXXXXXXXXXXX,1.0,1.0,1,0
XXXXXXXXXXXXXXXXXXXXX,1.0,1.0,1,0
XXXXXXXXXXXXXXXXXXXXX,1.0,1.0,1,0
XXXXXXXXXXXXXXXXXXXXX,1.0,1.0,1,0
XXXXXXXXXXXXXXXXXXXXX,1.0,1.0,1,0
XXXXXXXXXXXXXXXXXXXXX,1.0,1.0,1,0
XXXXXXXXXXXXXXXXXXXXX,1.0,1.0,1,0
XXXXXXXXXXXXXXXXXXXXX,1.0,1.0,1,0
XXXXXXXXXXXXXXXXXXXXX,1.0,1.0,1,0
XXXXXXXXXXXXXXXXXXXXX,1.0,1.0,1,0
XXXXXXXXXXXXXXXXXXXXX,1.0,1.0,1,0
XXXXXXXXXXXXXXXXXXXXX,1.0,1.0,1,0
XXXXXXXXXXXXXXXXXXXXX,1.0,1.0,1,0
XXXXXXXXXXXXXXXXXXXXX,1.0,1.0,1,0
XXXXXXXXXXXXXXXXXXXXX,1.0,1.0,1,0
XXXXXXXXXXXXXXXXXXXXX,1.0,1.0,1,0
XXXXXXXXXXXXXXXXXXXXX,1.0,1.0,1,0
XXXXXXXXXXXXXXXXXXXXX,1.0,1.0,1,0
XXXXXXXXXXXXXXXXXXXXX,1.0,1.0,1,0
XXXXXXXXXXXXXXXXXXXXX,1.0,1.0,1,0
XXXXXXXXXXXXXXXXXXXXX,1.0,1.0,1,0
XXXXXXXXXXXXXXXXXXXXX,1.0,1.0,1,0
XXXXXXXXXXXXXXXXXXXXX,1.0,1.0,1,0
XXXXXXXXXXXXXXXXXXXXX,1.0,1.0,1,0
XXXXXXXXXXXXXXXXXXXXX,1.0,1.0,1,0
XXXXXXXXXXXXXXXXXXXXX,1.0,1.0,1,0
XXXXXXXXXXXXXXXXXXXXX,1.0,1.0,1,0
XXXXXXXXXXXXXXXXXXXXX,1.0,1.0,1,0
XXXXXXXXXXXXXXXXXXXXX,1.0,1.0,1,0
XXXXXXXXXXXXXXXXXXXXX,1.0,1.0,1,0
XXXXXXXXXXXXXXXXXXXXX,1.0,1.0,1,0
XXXXXXXXXXXXXXXXXXXXX,1.0,1.0,1,0
XXXXXXXXXXXXXXXXXXXXX,1.0,1.0,1,0
XXXXXXXXXXXXXXXXXXXXX,1.0,1.0,1,0
XXXXXXXXXXXXXXXXXXXXX,1.0,1.0,1,0
XXXXXXXXXXXXXXXXXXXXX,1.0,1.0,1,0
XXXXXXXXXXXXXXXXXXXXX,1.0,1.0,1,0
XXXXXXXXXXXXXXXXXXXXX,1.0,1.0,1,0
XXXXXXXXXXXXXXXXXXXXX,1.0,1.0,1,0
XXXXXXXXXXXXXXXXXXXXX,1.0,1.0,1,0
XXXXXXXXXXXXXXXXXXXXX,1.0,1.0,1,0
XXXXXXXXXXXXXXXXXXXXX,1.0,1.0,1,0
XXXXXXXXXXXXXXXXXXXXX,1.0,1.0,1,0
XXXXXXXXXXXXXXXXXXXXX,1.0,1.0,1,0
XXXXXXXXXXXXXXXXXXXXX,1.0,1.0,1,0
XXXXXXXXXXXXXXXXXXXXX,1.0,1.0,1,0
XXXXXXXXXXXXXXXXXXXXX,1.0,1.0,1,0
XXXXXXXXXXXXXXXXXXXXX,1.0,1.0,1,0
XXXXXXXXXXXXXXXXXXXXX,1.0,1.0,1,0
XXXXXXXXXXXXXXXXXXXXX,1.0,1.0,1,0
XXXXXXXXXXXXXXXXXXXXX,1.0,1.0,1,0
XXXXXXXXXXXXXXXXXXXXX,1.0,1.0,1,0
XXXXXXXXXXXXXXXXXXXXX,1.0,1.0,1,0
XXXXXXXXXXXXXXXXXXXXX,1.0,1.0,1,0
XXXXXXXXXXXXXXXXXXXXX,1.0,1.0,1,0
XXXXXXXXXXXXXXXXXXXXX,1.0,1.0,1,0
XXXXXXXXXXXXXXXXXXXXX,1.0,1.0,1,0
XXXXXXXXXXXXXXXXXXXXX,1.0,1.0,1,0
XXXXXXXXXXXXXXXXXXXXX,1.0,1.0,1,0
XXXXXXXXXXXXXXXXXXXXX,1.0,1.0,1,0
XXXXXXXXXXXXXXXXXXXXX,1.0,1.0,1,0
XXXXXXXXXXXXXXXXXXXXX,1.0,1.0,1,0
XXXXXXXXXXXXXXXXXXXXX,1.0,1.0,1,0
XXXXXXXXXXXXXXXXXXXXX,1.0,1.0,1,0
XXXXXXXXXXXXXXXXXXXXX,1.0,1.0,1,0
XXXXXXXXXXXXXXXXXXXXX,1.0,1.0,1,0
XXXXXXXXXXXXXXXXXXXXX,1.0,1.0,1,0
XXXXXXXXXXXXXXXXXXXXX,1.0,1.0,1,0
XXXXXXXXXXXXXXXXXXXXX,1.0,1.0,1,0
XXXXXXXXXXXXXXXXXXXXX,1.0,1.0,1,0
XXXXXXXXXXXXXXXXXXXXX,1.0,1.0,1,0
XXXXXXXXXXXXXXXXXXXXX,1.0,1.0,1,0
XXXXXXXXXXXXXXXXXXXXX,1.0,1.0,1,0
XXXXXXXXXXXXXXXXXXXXX,1.0,1.0,1,0
XXXXXXXXXXXXXXXXXXXXX,1.0,1.0,1,0
XXXXXXXXXXXXXXXXXXXXX,1.0,1.0,1,0
